keyword,group_id,group_name,type,status,source,registered_at,restrict_kwd_id,verified_at,note
11번노원,*,*,EXP_SEARCH,unregistered,record,2026-09-23,,2026-09-27,대조 목록 표 2026-09-23 등록 기록 — 2026-09-27 UI 확인 결과 미등록(그룹: 노원산전필라테스)
1번출구,*,*,EXP_SEARCH,registered,record,2026-09-10,,,"대조 목록 표 2026-09-10 — 2026-09-27 UI 기간 목록에 미등장(노출 없음), 그룹별 미확인 (원본 미보관 목록 중 이름 아는 것)"
5번출구,*,*,EXP_SEARCH,registered,record,2026-09-10,,,"대조 목록 표 2026-09-10 — 2026-09-27 UI 기간 목록에 미등장(노출 없음), 그룹별 미확인 (원본 미보관 목록 중 이름 아는 것)"
6세필라테스,*,*,EXP_SEARCH,registered,record,2026-09-26,,2026-09-27,대조 목록 표 2026-09-26 — 2026-09-27 UI 확인(그룹: 노원산전필라테스)
7세필라테스,*,*,EXP_SEARCH,registered,record,2026-09-24,,2026-09-27,대조 목록 표 2026-09-24 — 2026-09-27 UI 확인(그룹: 노원산전필라테스)
나다운필라테스,*,*,EXP_SEARCH,registered,record,2026-09-10,,2026-09-27,"대조 목록 표 2026-09-10 — 2026-09-27 UI 확인(그룹: 노원산전필라테스, 노원역필라테스, 상계동필라테스) (원본 미보관 목록 중 이름 아는 것)"
노원9월행사,*,*,EXP_SEARCH,registered,record,2026-09-26,,2026-09-27,재등록 2026-09-26(09-23 등록분은 UI에 없어 미반영으로 판정) | 대조 목록 표 2026-09-23 — 2026-09-27 UI 확인(그룹: 노원산전필라테스)
노원]하루공간,*,*,EXP_SEARCH,unregistered,record,2026-09-23,,2026-09-27,대조 목록 표 2026-09-23 등록 기록 — 2026-09-27 UI 확인 결과 미등록(그룹: 노원산전필라테스)
노원구GODTK,*,*,EXP_SEARCH,registered,record,2026-09-21,,2026-09-27,대조 목록 표 2026-09-21 — 2026-09-27 UI 확인(그룹: 노원산전필라테스)
노원구아기,*,*,EXP_SEARCH,registered,record,2026-09-20,,2026-09-27,대조 목록 표 2026-09-20 — 2026-09-27 UI 확인(그룹: 노원산전필라테스)
노원구아기랑,*,*,EXP_SEARCH,registered,record,2026-09-21,,2026-09-27,"대조 목록 표 2026-09-21 — 2026-09-27 UI 확인(그룹: 노원산전필라테스, 노원역필라테스)"
노원구어린이,*,*,EXP_SEARCH,registered,record,2026-09-26,,2026-09-27,재등록 2026-09-26(09-23 등록분은 UI에 없어 미반영으로 판정) | 대조 목록 표 2026-09-23 — 2026-09-27 UI 확인(그룹: 노원산전필라테스)
노원구어린이체험,*,*,EXP_SEARCH,unregistered,record,2026-09-23,,2026-09-27,"대조 목록 표 2026-09-23 등록 기록 — 2026-09-27 UI 확인 결과 미등록(그룹: 노원산전필라테스, 노원역필라테스)"
노원구우동,*,*,EXP_SEARCH,registered,record,2026-09-21,,2026-09-27,"대조 목록 표 2026-09-21 — 2026-09-27 UI 확인(그룹: 노원산전필라테스, 노원역필라테스)"
노원구체험관,*,*,EXP_SEARCH,registered,record,2026-09-25,,2026-09-27,대조 목록 표 2026-09-25 — 2026-09-27 UI 확인(그룹: 노원산전필라테스)
노원맘카페,*,*,EXP_SEARCH,registered,record,2026-09-21,,,"대조 목록 표 2026-09-21 — 2026-09-27 UI 기간 목록에 미등장(노출 없음), 그룹별 미확인"
노원복싱레슨,*,*,EXP_SEARCH,registered,record,2026-09-20,,2026-09-27,대조 목록 표 2026-09-20 — 2026-09-27 UI 확인(그룹: 노원산전필라테스)
노원새로오픈사우나,*,*,EXP_SEARCH,unregistered,record,2026-09-23,,2026-09-27,대조 목록 표 2026-09-23 등록 기록 — 2026-09-27 UI 확인 결과 미등록(그룹: 노원산전필라테스)
노원새로오픈술집,*,*,EXP_SEARCH,unregistered,record,2026-09-23,,2026-09-27,대조 목록 표 2026-09-23 등록 기록 — 2026-09-27 UI 확인 결과 미등록(그룹: 노원산전필라테스)
노원새로오픈한카페,*,*,EXP_SEARCH,registered,record,2026-09-21,,2026-09-27,대조 목록 표 2026-09-21 — 2026-09-27 UI 확인(그룹: 노원역필라테스)
노원새로필라테스경력,*,*,EXP_SEARCH,registered,record,2026-09-24,,2026-09-27,대조 목록 표 2026-09-24 — 2026-09-27 UI 확인(그룹: 노원산전필라테스)
노원스텝핑,*,*,EXP_SEARCH,registered,record,2026-09-25,,2026-09-27,대조 목록 표 2026-09-25 — 2026-09-27 UI 확인(그룹: 노원역필라테스)
노원식당맛집,*,*,EXP_SEARCH,unregistered,record,,,2026-09-27,2026-09-27 제안(미등록) — UI 확인 미등록
노원아기랑체험,*,*,EXP_SEARCH,registered,record,2026-09-25,,2026-09-27,대조 목록 표 2026-09-25 — 2026-09-27 UI 확인(그룹: 노원산전필라테스)
노원아기랑필라테스,*,*,EXP_SEARCH,registered,record,2026-09-24,,2026-09-27,대조 목록 표 2026-09-24 — 2026-09-27 UI 확인(그룹: 노원산전필라테스)
노원아기역,*,*,EXP_SEARCH,registered,record,2026-09-24,,2026-09-27,대조 목록 표 2026-09-24 — 2026-09-27 UI 확인(그룹: 노원역필라테스)
노원아띠,*,*,EXP_SEARCH,unregistered,record,,,2026-09-27,2026-09-27 제안(미등록) — UI 확인 미등록
노원어린이체험,*,*,EXP_SEARCH,registered,record,2026-09-26,,2026-09-27,"재등록 2026-09-26(09-23 등록분은 UI에 없어 미반영으로 판정) | 대조 목록 표 2026-09-23 — 2026-09-27 UI 확인(그룹: 노원산전필라테스, 노원역필라테스)"
노원역+9번출구,*,*,EXP_SEARCH,unregistered,record,2026-09-23,,2026-09-27,대조 목록 표 2026-09-23 등록 기록 — 2026-09-27 UI 확인 결과 미등록(그룹: 노원역필라테스)
노원역+맛집,*,*,EXP_SEARCH,registered,record,2026-09-21,,2026-09-27,대조 목록 표 2026-09-21 — 2026-09-27 UI 확인(그룹: 노원역필라테스)
노원역10번출구,*,*,EXP_SEARCH,unregistered,record,2026-09-23,,2026-09-27,대조 목록 표 2026-09-23 등록 기록 — 2026-09-27 UI 확인 결과 미등록(그룹: 노원역필라테스)
노원역11-210,*,*,EXP_SEARCH,unregistered,record,2026-09-23,,2026-09-27,대조 목록 표 2026-09-23 등록 기록 — 2026-09-27 UI 확인 결과 미등록(그룹: 노원역필라테스)
노원역11번출구,*,*,EXP_SEARCH,registered,record,2026-09-20,,2026-09-27,대조 목록 표 2026-09-20 — 2026-09-27 UI 확인(그룹: 노원역필라테스)
노원역24시,*,*,EXP_SEARCH,registered,record,2026-09-24,,2026-09-27,대조 목록 표 2026-09-24 — 2026-09-27 UI 확인(그룹: 노원역필라테스)
노원역24시간우동,*,*,EXP_SEARCH,unregistered,record,,,2026-09-27,2026-09-27 제안(미등록) — UI 확인 미등록
노원역2번출구,*,*,EXP_SEARCH,unregistered,record,2026-09-23,,2026-09-27,대조 목록 표 2026-09-23 등록 기록 — 2026-09-27 UI 확인 결과 미등록(그룹: 노원역필라테스)
노원역6번출구,*,*,EXP_SEARCH,registered,record,2026-09-26,,2026-09-27,재등록 2026-09-26(09-23 등록분은 UI에 없어 미반영으로 판정) | 대조 목록 표 2026-09-23 — 2026-09-27 UI 확인(그룹: 노원역필라테스)
노원역7번출구식당,*,*,EXP_SEARCH,registered,record,2026-09-24,,2026-09-27,대조 목록 표 2026-09-24 — 2026-09-27 UI 확인(그룹: 노원역필라테스)
노원역7번출구주차,*,*,EXP_SEARCH,unregistered,record,,,2026-09-27,2026-09-27 제안(미등록) — UI 확인 미등록
노원역7번출구카페,*,*,EXP_SEARCH,registered,record,2026-09-20,,2026-09-27,대조 목록 표 2026-09-20 — 2026-09-27 UI 확인(그룹: 노원역필라테스)
노원역8번출구,*,*,EXP_SEARCH,registered,record,2026-09-23,,2026-09-27,대조 목록 표 2026-09-23 — 2026-09-27 UI 확인(그룹: 노원역필라테스)
노원역9번,*,*,EXP_SEARCH,unregistered,record,,,2026-09-27,2026-09-27 제안(미등록) — UI 확인 미등록
노원역9번출구,*,*,EXP_SEARCH,registered,record,2026-09-26,,2026-09-27,재등록 2026-09-26(09-23 등록분은 UI에 없어 미반영으로 판정) | 대조 목록 표 2026-09-23 — 2026-09-27 UI 확인(그룹: 노원역필라테스)
노원역;24시,*,*,EXP_SEARCH,unregistered,record,2026-09-23,,2026-09-27,대조 목록 표 2026-09-23 등록 기록 — 2026-09-27 UI 확인 결과 미등록(그룹: 노원역필라테스)
노원역가족,*,*,EXP_SEARCH,registered,record,2026-09-21,,2026-09-27,대조 목록 표 2026-09-21 — 2026-09-27 UI 확인(그룹: 노원역필라테스)
노원역거리,*,*,EXP_SEARCH,unregistered,record,2026-09-23,,2026-09-27,대조 목록 표 2026-09-23 등록 기록 — 2026-09-27 UI 확인 결과 미등록(그룹: 노원역필라테스)
노원역금,*,*,EXP_SEARCH,unregistered,record,2026-09-23,,2026-09-27,대조 목록 표 2026-09-23 등록 기록 — 2026-09-27 UI 확인 결과 미등록(그룹: 노원역필라테스)
노원역금호스,*,*,EXP_SEARCH,registered,record,2026-09-25,,2026-09-27,대조 목록 표 2026-09-25 — 2026-09-27 UI 확인(그룹: 상계동필라테스)
노원역다인원,*,*,EXP_SEARCH,registered,record,2026-09-24,,2026-09-27,대조 목록 표 2026-09-24 — 2026-09-27 UI 확인(그룹: 노원역필라테스)
노원역데이트,*,*,EXP_SEARCH,registered,record,2026-09-17,,2026-09-27,대조 목록 표 2026-09-17 — 2026-09-27 UI 확인(그룹: 노원역필라테스) (원본 미보관 목록 중 이름 아는 것)
노원역두,*,*,EXP_SEARCH,registered,record,2026-09-26,,2026-09-27,대조 목록 표 2026-09-26 — 2026-09-27 UI 확인(그룹: 노원역필라테스)
노원역락커,*,*,EXP_SEARCH,registered,record,2026-09-21,,2026-09-27,대조 목록 표 2026-09-21 — 2026-09-27 UI 확인(그룹: 노원역필라테스)
노원역마음,*,*,EXP_SEARCH,registered,record,2026-09-21,,2026-09-27,대조 목록 표 2026-09-21 — 2026-09-27 UI 확인(그룹: 노원역필라테스)
노원역맛집내돈내산,*,*,EXP_SEARCH,registered,record,2026-09-20,,2026-09-27,대조 목록 표 2026-09-20 — 2026-09-27 UI 확인(그룹: 노원역필라테스)
노원역맛집출구,*,*,EXP_SEARCH,unregistered,record,,,2026-09-27,2026-09-27 제안(미등록) — UI 확인 미등록
노원역배스킨,*,*,EXP_SEARCH,unregistered,record,2026-09-23,,2026-09-27,대조 목록 표 2026-09-23 등록 기록 — 2026-09-27 UI 확인 결과 미등록(그룹: 노원역필라테스)
노원역배스킨라빈스,*,*,EXP_SEARCH,registered,record,2026-09-23,,2026-09-27,대조 목록 표 2026-09-23 — 2026-09-27 UI 확인(그룹: 노원역필라테스)
노원역베스킨라빈스,*,*,EXP_SEARCH,registered,record,2026-09-21,,2026-09-27,대조 목록 표 2026-09-21 — 2026-09-27 UI 확인(그룹: 노원역필라테스)
노원역보세,*,*,EXP_SEARCH,unregistered,record,,,2026-09-27,2026-09-27 제안(미등록) — UI 확인 미등록
노원역뷰카페,*,*,EXP_SEARCH,registered,record,2026-09-20,,2026-09-27,대조 목록 표 2026-09-20 — 2026-09-27 UI 확인(그룹: 노원역필라테스)
노원역새로오픈소고기,*,*,EXP_SEARCH,unregistered,record,,,2026-09-27,2026-09-27 제안(미등록) — UI 확인 미등록
노원역새로오픈술집,*,*,EXP_SEARCH,unregistered,record,2026-09-23,,2026-09-27,대조 목록 표 2026-09-23 등록 기록 — 2026-09-27 UI 확인 결과 미등록(그룹: 노원역필라테스)
노원역생선구이새로오픈,*,*,EXP_SEARCH,registered,record,2026-09-25,,2026-09-27,대조 목록 표 2026-09-25 — 2026-09-27 UI 확인(그룹: 노원역필라테스)
노원역세,*,*,EXP_SEARCH,unregistered,record,2026-09-23,,2026-09-27,대조 목록 표 2026-09-23 등록 기록 — 2026-09-27 UI 확인 결과 미등록(그룹: 노원역필라테스)
노원역세차,*,*,EXP_SEARCH,registered,record,2026-09-20,,2026-09-27,대조 목록 표 2026-09-20 — 2026-09-27 UI 확인(그룹: 상계동필라테스)
노원역스튜디오,*,*,EXP_SEARCH,registered,record,2026-09-26,,2026-09-27,대조 목록 표 2026-09-26 — 2026-09-27 UI 확인(그룹: 노원역필라테스)
노원역신규맛집,*,*,EXP_SEARCH,registered,record,2026-09-21,,2026-09-27,대조 목록 표 2026-09-21 — 2026-09-27 UI 확인(그룹: 노원역필라테스)
노원역아기,*,*,EXP_SEARCH,unregistered,record,2026-09-23,,2026-09-27,대조 목록 표 2026-09-23 등록 기록 — 2026-09-27 UI 확인 결과 미등록(그룹: 노원역필라테스)
노원역아기랑,*,*,EXP_SEARCH,registered,record,2026-09-20,,2026-09-27,대조 목록 표 2026-09-20 — 2026-09-27 UI 확인(그룹: 노원역필라테스)
노원역아기역,*,*,EXP_SEARCH,registered,record,2026-09-24,,2026-09-27,대조 목록 표 2026-09-24 — 2026-09-27 UI 확인(그룹: 노원역필라테스)
노원역아기옷,*,*,EXP_SEARCH,registered,record,2026-09-25,,2026-09-27,대조 목록 표 2026-09-25 — 2026-09-27 UI 확인(그룹: 노원역필라테스)
노원역아이랑,*,*,EXP_SEARCH,registered,record,2026-09-21,,2026-09-27,대조 목록 표 2026-09-21 — 2026-09-27 UI 확인(그룹: 노원역필라테스)
노원역아이와체험,*,*,EXP_SEARCH,registered,record,2026-09-21,,2026-09-27,대조 목록 표 2026-09-21 — 2026-09-27 UI 확인(그룹: 노원역필라테스)
노원역어깨,*,*,EXP_SEARCH,registered,record,2026-09-25,,2026-09-27,대조 목록 표 2026-09-25 — 2026-09-27 UI 확인(그룹: 노원역필라테스)
노원역에새건물,*,*,EXP_SEARCH,registered,record,2026-09-26,,2026-09-27,대조 목록 표 2026-09-26 — 2026-09-27 UI 확인(그룹: 노원역필라테스)
노원역역맛집,*,*,EXP_SEARCH,registered,record,2026-09-21,,2026-09-27,대조 목록 표 2026-09-21 — 2026-09-27 UI 확인(그룹: 노원역필라테스)
노원역오꼬,*,*,EXP_SEARCH,registered,record,2026-09-21,,2026-09-27,대조 목록 표 2026-09-21 — 2026-09-27 UI 확인(그룹: 노원역필라테스)
노원역우동짜장,*,*,EXP_SEARCH,registered,record,2026-09-20,,2026-09-27,대조 목록 표 2026-09-20 — 2026-09-27 UI 확인(그룹: 노원역필라테스)
노원역운영중,*,*,EXP_SEARCH,registered,record,2026-09-21,,2026-09-27,대조 목록 표 2026-09-21 — 2026-09-27 UI 확인(그룹: 노원역필라테스)
노원역월,*,*,EXP_SEARCH,registered,record,2026-09-26,,2026-09-27,대조 목록 표 2026-09-26 — 2026-09-27 UI 확인(그룹: 노원역필라테스)
노원역위치,*,*,EXP_SEARCH,registered,record,2026-09-24,,2026-09-27,대조 목록 표 2026-09-24 — 2026-09-27 UI 확인(그룹: 노원역필라테스)
노원역의류,*,*,EXP_SEARCH,registered,record,2026-09-25,,2026-09-27,대조 목록 표 2026-09-25 — 2026-09-27 UI 확인(그룹: 노원역필라테스)
노원역일요일영업,*,*,EXP_SEARCH,registered,record,2026-09-20,,2026-09-27,대조 목록 표 2026-09-20 — 2026-09-27 UI 확인(그룹: 노원역필라테스)
노원역정정,*,*,EXP_SEARCH,registered,record,2026-09-21,,2026-09-27,대조 목록 표 2026-09-21 — 2026-09-27 UI 확인(그룹: 상계동필라테스)
노원역주차,*,*,EXP_SEARCH,registered,record,2026-09-10,,2026-09-27,대조 목록 표 2026-09-10 — 2026-09-27 UI 확인(그룹: 노원역필라테스) (원본 미보관 목록 중 이름 아는 것)
노원역주차장,*,*,EXP_SEARCH,registered,record,2026-09-10,,2026-09-27,대조 목록 표 2026-09-10 — 2026-09-27 UI 확인(그룹: 노원역필라테스) (원본 미보관 목록 중 이름 아는 것)
노원역체험,*,*,EXP_SEARCH,registered,record,2026-09-21,,2026-09-27,대조 목록 표 2026-09-21 — 2026-09-27 UI 확인(그룹: 노원역필라테스)
노원역추석,*,*,EXP_SEARCH,registered,record,2026-09-26,,2026-09-27,재등록 2026-09-26(09-23 등록분은 UI에 없어 미반영으로 판정) | 대조 목록 표 2026-09-23 — 2026-09-27 UI 확인(그룹: 노원역필라테스)
노원역추석영업,*,*,EXP_SEARCH,registered,record,2026-09-26,,2026-09-27,대조 목록 표 2026-09-26 — 2026-09-27 UI 확인(그룹: 노원역필라테스)
노원역추천장소,*,*,EXP_SEARCH,unregistered,record,2026-09-23,,2026-09-27,대조 목록 표 2026-09-23 등록 기록 — 2026-09-27 UI 확인 결과 미등록(그룹: 노원역필라테스)
노원역출구,*,*,EXP_SEARCH,registered,record,2026-09-23,,2026-09-27,대조 목록 표 2026-09-23 — 2026-09-27 UI 확인(그룹: 노원역필라테스)
노원역출발,*,*,EXP_SEARCH,registered,record,2026-09-20,,2026-09-27,대조 목록 표 2026-09-20 — 2026-09-27 UI 확인(그룹: 노원역필라테스)
노원역카페,*,*,EXP_SEARCH,registered,record,2026-09-10,,2026-09-27,대조 목록 표 2026-09-10 — 2026-09-27 UI 확인(그룹: 노원역필라테스) (원본 미보관 목록 중 이름 아는 것)
노원역카페새로생긴,*,*,EXP_SEARCH,registered,record,2026-09-25,,2026-09-27,대조 목록 표 2026-09-25 — 2026-09-27 UI 확인(그룹: 노원역필라테스)
노원역쾌적한,*,*,EXP_SEARCH,registered,record,2026-09-25,,2026-09-27,대조 목록 표 2026-09-25 — 2026-09-27 UI 확인(그룹: 노원역필라테스)
노원역키즈,*,*,EXP_SEARCH,unregistered,record,2026-09-23,,2026-09-27,대조 목록 표 2026-09-23 등록 기록 — 2026-09-27 UI 확인 결과 미등록(그룹: 노원역필라테스)
노원역테니스레슨,*,*,EXP_SEARCH,registered,record,2026-09-26,,2026-09-27,재등록 2026-09-26(09-23 등록분은 UI에 없어 미반영으로 판정) | 대조 목록 표 2026-09-23 — 2026-09-27 UI 확인(그룹: 노원역필라테스)
노원역헬스,*,*,EXP_SEARCH,registered,record,2026-09-17,,2026-09-27,대조 목록 표 2026-09-17 — 2026-09-27 UI 확인(그룹: 노원역필라테스) (원본 미보관 목록 중 이름 아는 것)
노원역헬스장,*,*,EXP_SEARCH,unregistered,record,,,2026-09-27,2026-09-27 제안(미등록) — UI 확인 미등록
노원역혼자,*,*,EXP_SEARCH,unregistered,record,2026-09-23,,2026-09-27,대조 목록 표 2026-09-23 등록 기록 — 2026-09-27 UI 확인 결과 미등록(그룹: 노원역필라테스)
노원역힐링공간,*,*,EXP_SEARCH,unregistered,record,2026-09-23,,2026-09-27,대조 목록 표 2026-09-23 등록 기록 — 2026-09-27 UI 확인 결과 미등록(그룹: 노원역필라테스)
노원우동전문,*,*,EXP_SEARCH,registered,record,2026-09-21,,2026-09-27,대조 목록 표 2026-09-21 — 2026-09-27 UI 확인(그룹: 노원산전필라테스)
노원체험,*,*,EXP_SEARCH,unregistered,record,2026-09-23,,2026-09-27,"대조 목록 표 2026-09-23 등록 기록 — 2026-09-27 UI 확인 결과 미등록(그룹: 노원산전필라테스, 노원역필라테스)"
노원추석영업,*,*,EXP_SEARCH,registered,record,2026-09-21,,2026-09-27,대조 목록 표 2026-09-21 — 2026-09-27 UI 확인(그룹: 노원산전필라테스)
노원추석행사,*,*,EXP_SEARCH,registered,record,2026-09-21,,2026-09-27,대조 목록 표 2026-09-21 — 2026-09-27 UI 확인(그룹: 노원산전필라테스)
노원카페뷰,*,*,EXP_SEARCH,registered,record,2026-09-20,,2026-09-27,대조 목록 표 2026-09-20 — 2026-09-27 UI 확인(그룹: 노원산전필라테스)
노원키즈필라테스,*,*,EXP_SEARCH,registered,record,2026-09-20,,2026-09-27,대조 목록 표 2026-09-20 — 2026-09-27 UI 확인(그룹: 노원역필라테스)
노원필라테스강사,*,*,EXP_SEARCH,registered,record,2026-09-20,,2026-09-27,대조 목록 표 2026-09-20 — 2026-09-27 UI 확인(그룹: 노원역필라테스)
노원필테강사,*,*,EXP_SEARCH,unregistered,record,,,2026-09-27,2026-09-27 제안(미등록) — UI 확인 미등록
새로오픈,*,*,EXP_SEARCH,registered,record,2026-09-10,,2026-09-27,"대조 목록 표 2026-09-10 — 2026-09-27 UI 확인(그룹: 노원산전필라테스, 노원역필라테스, 상계동필라테스) (원본 미보관 목록 중 이름 아는 것)"
새로클린노원,*,*,EXP_SEARCH,unregistered,record,,,2026-09-27,2026-09-27 제안(미등록) — UI 확인 미등록
수정역필라테스,*,*,EXP_SEARCH,registered,record,2026-09-10,,2026-09-27,대조 목록 표 2026-09-10 — 2026-09-27 UI 확인(그룹: 노원역필라테스) (원본 미보관 목록 중 이름 아는 것)
시니어필라테스복,*,*,EXP_SEARCH,registered,record,2026-09-20,,2026-09-27,"대조 목록 표 2026-09-20 — 2026-09-27 UI 확인(그룹: 노원산전필라테스, 노원역필라테스)"
아기랑노원구,*,*,EXP_SEARCH,unregistered,record,2026-09-23,,2026-09-27,대조 목록 표 2026-09-23 등록 기록 — 2026-09-27 UI 확인 결과 미등록(그룹: 노원산전필라테스)
우동집노원역,*,*,EXP_SEARCH,registered,record,2026-09-21,,2026-09-27,대조 목록 표 2026-09-21 — 2026-09-27 UI 확인(그룹: 노원역필라테스)
정기주차,*,*,EXP_SEARCH,registered,record,2026-09-10,,,"대조 목록 표 2026-09-10 — 2026-09-27 UI 기간 목록에 미등장(노출 없음), 그룹별 미확인 (원본 미보관 목록 중 이름 아는 것)"
주차노원역,*,*,EXP_SEARCH,registered,record,2026-09-20,,2026-09-27,대조 목록 표 2026-09-20 — 2026-09-27 UI 확인(그룹: 노원역필라테스)
지도,*,*,EXP_SEARCH,registered,record,2026-09-10,,,"대조 목록 표 2026-09-10 — 2026-09-27 UI 기간 목록에 미등장(노출 없음), 그룹별 미확인 (원본 미보관 목록 중 이름 아는 것)"
한스노원역,*,*,EXP_SEARCH,registered,record,2026-09-25,,2026-09-27,대조 목록 표 2026-09-25 — 2026-09-27 UI 확인(그룹: 상계동필라테스)
행사노원구,*,*,EXP_SEARCH,registered,record,2026-09-20,,2026-09-27,대조 목록 표 2026-09-20 — 2026-09-27 UI 확인(그룹: 노원산전필라테스)
11번노원,,노원산전필라테스,EXP_SEARCH,unregistered,ui,,,2026-09-27,09-23 목록 이름인데 UI +추가 = 미등록
5번노원,,노원산전필라테스,EXP_SEARCH,registered,ui,,,2026-09-27,원본 미보관 목록(38·67·79) 유래 추정
6세필라테스,,노원산전필라테스,EXP_SEARCH,registered,ui,2026-09-26,,2026-09-27,기록 목록 2026-09-26
7세필라테스,,노원산전필라테스,EXP_SEARCH,registered,ui,2026-09-24,,2026-09-27,기록 목록 2026-09-24
나다운필라테스,,노원산전필라테스,EXP_SEARCH,registered,ui,2026-09-10,,2026-09-27,기록 목록 2026-09-10
노원9월행사,,노원산전필라테스,EXP_SEARCH,registered,ui,2026-09-26,,2026-09-27,재등록 2026-09-26
노원]하루공간,,노원산전필라테스,EXP_SEARCH,unregistered,ui,,,2026-09-27,09-23 목록 이름인데 UI +추가 = 미등록
노원구GODTK,,노원산전필라테스,EXP_SEARCH,registered,ui,2026-09-21,,2026-09-27,기록 목록 2026-09-21
노원구아기,,노원산전필라테스,EXP_SEARCH,registered,ui,2026-09-20,,2026-09-27,기록 목록 2026-09-20
노원구아기랑,,노원산전필라테스,EXP_SEARCH,registered,ui,2026-09-21,,2026-09-27,기록 목록 2026-09-21
노원구어린이,,노원산전필라테스,EXP_SEARCH,registered,ui,2026-09-26,,2026-09-27,재등록 2026-09-26
노원구어린이체험,,노원산전필라테스,EXP_SEARCH,unregistered,ui,,,2026-09-27,09-23 목록 이름인데 UI +추가 = 미등록
노원구오픈,,노원산전필라테스,EXP_SEARCH,registered,ui,,,2026-09-27,원본 미보관 목록(38·67·79) 유래 추정
노원구우동,,노원산전필라테스,EXP_SEARCH,registered,ui,2026-09-21,,2026-09-27,기록 목록 2026-09-21
노원구체험관,,노원산전필라테스,EXP_SEARCH,registered,ui,2026-09-25,,2026-09-27,기록 목록 2026-09-25
노원당구레슨,,노원산전필라테스,EXP_SEARCH,registered,ui,,,2026-09-27,원본 미보관 목록(38·67·79) 유래 추정
노원배드민턴레슨,,노원산전필라테스,EXP_SEARCH,registered,ui,,,2026-09-27,원본 미보관 목록(38·67·79) 유래 추정
노원복싱레슨,,노원산전필라테스,EXP_SEARCH,registered,ui,2026-09-20,,2026-09-27,기록 목록 2026-09-20
노원새로오픈,,노원산전필라테스,EXP_SEARCH,registered,ui,,,2026-09-27,원본 미보관 목록(38·67·79) 유래 추정
노원새로오픈맛집,,노원산전필라테스,EXP_SEARCH,registered,ui,,,2026-09-27,원본 미보관 목록(38·67·79) 유래 추정
노원새로오픈사우나,,노원산전필라테스,EXP_SEARCH,unregistered,ui,,,2026-09-27,09-23 목록 이름인데 UI +추가 = 미등록
노원새로오픈술집,,노원산전필라테스,EXP_SEARCH,unregistered,ui,,,2026-09-27,09-23 목록 이름인데 UI +추가 = 미등록
노원새로오픈횟집,,노원산전필라테스,EXP_SEARCH,registered,ui,,,2026-09-27,원본 미보관 목록(38·67·79) 유래 추정
노원새로필라테스경력,,노원산전필라테스,EXP_SEARCH,registered,ui,2026-09-24,,2026-09-27,기록 목록 2026-09-24
노원아기랑체험,,노원산전필라테스,EXP_SEARCH,registered,ui,2026-09-25,,2026-09-27,기록 목록 2026-09-25
노원아기랑필라테스,,노원산전필라테스,EXP_SEARCH,registered,ui,2026-09-24,,2026-09-27,기록 목록 2026-09-24
노원어린이체험,,노원산전필라테스,EXP_SEARCH,registered,ui,2026-09-26,,2026-09-27,재등록 2026-09-26
노원오픈,,노원산전필라테스,EXP_SEARCH,registered,ui,,,2026-09-27,원본 미보관 목록(38·67·79) 유래 추정
노원우동전문,,노원산전필라테스,EXP_SEARCH,registered,ui,2026-09-21,,2026-09-27,기록 목록 2026-09-21
노원체험,,노원산전필라테스,EXP_SEARCH,unregistered,ui,,,2026-09-27,09-23 목록 이름인데 UI +추가 = 미등록
노원추석영업,,노원산전필라테스,EXP_SEARCH,registered,ui,2026-09-21,,2026-09-27,기록 목록 2026-09-21
노원추석행사,,노원산전필라테스,EXP_SEARCH,registered,ui,2026-09-21,,2026-09-27,기록 목록 2026-09-21
노원카페뷰,,노원산전필라테스,EXP_SEARCH,registered,ui,2026-09-20,,2026-09-27,기록 목록 2026-09-20
노원필테강사,,노원산전필라테스,EXP_SEARCH,unregistered,ui,,,2026-09-27,09-27 제안(미등록)
노원힐링장소,,노원산전필라테스,EXP_SEARCH,registered,ui,,,2026-09-27,원본 미보관 목록(38·67·79) 유래 추정
노원힐링체험,,노원산전필라테스,EXP_SEARCH,registered,ui,,,2026-09-27,원본 미보관 목록(38·67·79) 유래 추정
동탄필라테스새로오픈,,노원산전필라테스,EXP_SEARCH,registered,ui,,,2026-09-27,원본 미보관 목록(38·67·79) 유래 추정
모든날필라테스,,노원산전필라테스,EXP_SEARCH,registered,ui,,,2026-09-27,원본 미보관 목록(38·67·79) 유래 추정
배드민턴레슨노원,,노원산전필라테스,EXP_SEARCH,registered,ui,,,2026-09-27,원본 미보관 목록(38·67·79) 유래 추정
새로오픈,,노원산전필라테스,EXP_SEARCH,registered,ui,2026-09-10,,2026-09-27,기록 목록 2026-09-10
새로오픈맛집노원,,노원산전필라테스,EXP_SEARCH,registered,ui,,,2026-09-27,원본 미보관 목록(38·67·79) 유래 추정
시니어필라테스복,,노원산전필라테스,EXP_SEARCH,registered,ui,2026-09-20,,2026-09-27,기록 목록 2026-09-20
아기랑노원구,,노원산전필라테스,EXP_SEARCH,unregistered,ui,,,2026-09-27,09-23 목록 이름인데 UI +추가 = 미등록
행사노원구,,노원산전필라테스,EXP_SEARCH,registered,ui,2026-09-20,,2026-09-27,기록 목록 2026-09-20
5번노원,,노원역필라테스,EXP_SEARCH,registered,ui,,,2026-09-27,원본 미보관 목록(38·67·79) 유래 추정
나다운필라테스,,노원역필라테스,EXP_SEARCH,registered,ui,2026-09-10,,2026-09-27,기록 목록 2026-09-10
노원거울,,노원역필라테스,EXP_SEARCH,registered,ui,,,2026-09-27,원본 미보관 목록(38·67·79) 유래 추정
노원구아기랑,,노원역필라테스,EXP_SEARCH,registered,ui,2026-09-21,,2026-09-27,기록 목록 2026-09-21
노원구어린이체험,,노원역필라테스,EXP_SEARCH,unregistered,ui,,,2026-09-27,09-23 목록 이름인데 UI +추가 = 미등록
노원구우동,,노원역필라테스,EXP_SEARCH,registered,ui,2026-09-21,,2026-09-27,기록 목록 2026-09-21
노원까페,,노원역필라테스,EXP_SEARCH,registered,ui,,,2026-09-27,원본 미보관 목록(38·67·79) 유래 추정
노원내돈내산,,노원역필라테스,EXP_SEARCH,registered,ui,,,2026-09-27,원본 미보관 목록(38·67·79) 유래 추정
노원미용실새로오픈,,노원역필라테스,EXP_SEARCH,registered,ui,,,2026-09-27,원본 미보관 목록(38·67·79) 유래 추정
노원배드민턴레슨,,노원역필라테스,EXP_SEARCH,registered,ui,,,2026-09-27,원본 미보관 목록(38·67·79) 유래 추정
노원새로오픈,,노원역필라테스,EXP_SEARCH,registered,ui,,,2026-09-27,원본 미보관 목록(38·67·79) 유래 추정
노원새로오픈맛집,,노원역필라테스,EXP_SEARCH,registered,ui,,,2026-09-27,원본 미보관 목록(38·67·79) 유래 추정
노원새로오픈식당,,노원역필라테스,EXP_SEARCH,registered,ui,,,2026-09-27,원본 미보관 목록(38·67·79) 유래 추정
노원새로오픈한카페,,노원역필라테스,EXP_SEARCH,registered,ui,2026-09-21,,2026-09-27,기록 목록 2026-09-21
노원스텝핑,,노원역필라테스,EXP_SEARCH,registered,ui,2026-09-25,,2026-09-27,기록 목록 2026-09-25
노원식당맛집,,노원역필라테스,EXP_SEARCH,unregistered,ui,,,2026-09-27,09-27 제안(미등록)
노원아기역,,노원역필라테스,EXP_SEARCH,registered,ui,2026-09-24,,2026-09-27,기록 목록 2026-09-24
노원아기우동,,노원역필라테스,EXP_SEARCH,registered,ui,,,2026-09-27,원본 미보관 목록(38·67·79) 유래 추정
노원어린이체험,,노원역필라테스,EXP_SEARCH,registered,ui,2026-09-26,,2026-09-27,재등록 2026-09-26
노원역+6번출구,,노원역필라테스,EXP_SEARCH,registered,ui,,,2026-09-27,원본 미보관 목록(38·67·79) 유래 추정
노원역+9번출구,,노원역필라테스,EXP_SEARCH,unregistered,ui,,,2026-09-27,09-23 목록 이름인데 UI +추가 = 미등록
노원역+맛집,,노원역필라테스,EXP_SEARCH,registered,ui,2026-09-21,,2026-09-27,기록 목록 2026-09-21
노원역+헬스장,,노원역필라테스,EXP_SEARCH,registered,ui,,,2026-09-27,원본 미보관 목록(38·67·79) 유래 추정
노원역10번출구,,노원역필라테스,EXP_SEARCH,unregistered,ui,,,2026-09-27,09-23 목록 이름인데 UI +추가 = 미등록
노원역11-210,,노원역필라테스,EXP_SEARCH,unregistered,ui,,,2026-09-27,09-23 목록 이름인데 UI +추가 = 미등록
노원역11번출구,,노원역필라테스,EXP_SEARCH,registered,ui,2026-09-20,,2026-09-27,기록 목록 2026-09-20
노원역1번출구,,노원역필라테스,EXP_SEARCH,registered,ui,,,2026-09-27,원본 미보관 목록(38·67·79) 유래 추정
노원역24시,,노원역필라테스,EXP_SEARCH,registered,ui,2026-09-24,,2026-09-27,기록 목록 2026-09-24
노원역24시간우동,,노원역필라테스,EXP_SEARCH,unregistered,ui,,,2026-09-27,09-27 제안(미등록)
노원역2번출구,,노원역필라테스,EXP_SEARCH,unregistered,ui,,,2026-09-27,09-23 목록 이름인데 UI +추가 = 미등록
노원역3번출구,,노원역필라테스,EXP_SEARCH,registered,ui,,,2026-09-27,원본 미보관 목록(38·67·79) 유래 추정
노원역4,,노원역필라테스,EXP_SEARCH,registered,ui,,,2026-09-27,원본 미보관 목록(38·67·79) 유래 추정
노원역4번,,노원역필라테스,EXP_SEARCH,registered,ui,,,2026-09-27,원본 미보관 목록(38·67·79) 유래 추정
노원역5번출구,,노원역필라테스,EXP_SEARCH,registered,ui,,,2026-09-27,원본 미보관 목록(38·67·79) 유래 추정
노원역6번출구,,노원역필라테스,EXP_SEARCH,registered,ui,2026-09-26,,2026-09-27,재등록 2026-09-26
노원역7번출구식당,,노원역필라테스,EXP_SEARCH,registered,ui,2026-09-24,,2026-09-27,기록 목록 2026-09-24
노원역7번출구주차,,노원역필라테스,EXP_SEARCH,unregistered,ui,,,2026-09-27,09-27 제안(미등록)
노원역7번출구카페,,노원역필라테스,EXP_SEARCH,registered,ui,2026-09-20,,2026-09-27,기록 목록 2026-09-20
노원역8번맛집,,노원역필라테스,EXP_SEARCH,registered,ui,,,2026-09-27,원본 미보관 목록(38·67·79) 유래 추정
노원역8번출구,,노원역필라테스,EXP_SEARCH,registered,ui,2026-09-23,,2026-09-27,기록 목록 2026-09-23
노원역9번,,노원역필라테스,EXP_SEARCH,unregistered,ui,,,2026-09-27,09-27 제안(미등록)
노원역9번출구,,노원역필라테스,EXP_SEARCH,registered,ui,2026-09-26,,2026-09-27,재등록 2026-09-26
노원역;24시,,노원역필라테스,EXP_SEARCH,unregistered,ui,,,2026-09-27,09-23 목록 이름인데 UI +추가 = 미등록
노원역가족,,노원역필라테스,EXP_SEARCH,registered,ui,2026-09-21,,2026-09-27,기록 목록 2026-09-21
노원역거리,,노원역필라테스,EXP_SEARCH,unregistered,ui,,,2026-09-27,09-23 목록 이름인데 UI +추가 = 미등록
노원역건물,,노원역필라테스,EXP_SEARCH,registered,ui,,,2026-09-27,원본 미보관 목록(38·67·79) 유래 추정
노원역곳,,노원역필라테스,EXP_SEARCH,registered,ui,,,2026-09-27,원본 미보관 목록(38·67·79) 유래 추정
노원역금,,노원역필라테스,EXP_SEARCH,unregistered,ui,,,2026-09-27,09-23 목록 이름인데 UI +추가 = 미등록
노원역기계우동,,노원역필라테스,EXP_SEARCH,registered,ui,,,2026-09-27,원본 미보관 목록(38·67·79) 유래 추정
노원역까페,,노원역필라테스,EXP_SEARCH,registered,ui,,,2026-09-27,원본 미보관 목록(38·67·79) 유래 추정
노원역내돈내산,,노원역필라테스,EXP_SEARCH,registered,ui,,,2026-09-27,원본 미보관 목록(38·67·79) 유래 추정
노원역다인원,,노원역필라테스,EXP_SEARCH,registered,ui,2026-09-24,,2026-09-27,기록 목록 2026-09-24
노원역단체,,노원역필라테스,EXP_SEARCH,registered,ui,,,2026-09-27,원본 미보관 목록(38·67·79) 유래 추정
노원역단체맛집,,노원역필라테스,EXP_SEARCH,registered,ui,,,2026-09-27,원본 미보관 목록(38·67·79) 유래 추정
노원역단체사진관,,노원역필라테스,EXP_SEARCH,registered,ui,,,2026-09-27,원본 미보관 목록(38·67·79) 유래 추정
노원역데이트,,노원역필라테스,EXP_SEARCH,registered,ui,2026-09-17,,2026-09-27,기록 목록 2026-09-17
노원역두,,노원역필라테스,EXP_SEARCH,registered,ui,2026-09-26,,2026-09-27,기록 목록 2026-09-26
노원역락커,,노원역필라테스,EXP_SEARCH,registered,ui,2026-09-21,,2026-09-27,기록 목록 2026-09-21
노원역로그,,노원역필라테스,EXP_SEARCH,registered,ui,,,2026-09-27,원본 미보관 목록(38·67·79) 유래 추정
노원역룸,,노원역필라테스,EXP_SEARCH,registered,ui,,,2026-09-27,원본 미보관 목록(38·67·79) 유래 추정
노원역룸식당,,노원역필라테스,EXP_SEARCH,registered,ui,,,2026-09-27,원본 미보관 목록(38·67·79) 유래 추정
노원역마음,,노원역필라테스,EXP_SEARCH,registered,ui,2026-09-21,,2026-09-27,기록 목록 2026-09-21
노원역맛집내돈내산,,노원역필라테스,EXP_SEARCH,registered,ui,2026-09-20,,2026-09-27,기록 목록 2026-09-20
노원역맛집우동,,노원역필라테스,EXP_SEARCH,registered,ui,,,2026-09-27,원본 미보관 목록(38·67·79) 유래 추정
노원역맛집출구,,노원역필라테스,EXP_SEARCH,unregistered,ui,,,2026-09-27,09-27 제안(미등록)
노원역먹거리,,노원역필라테스,EXP_SEARCH,registered,ui,,,2026-09-27,원본 미보관 목록(38·67·79) 유래 추정
노원역문,,노원역필라테스,EXP_SEARCH,registered,ui,,,2026-09-27,원본 미보관 목록(38·67·79) 유래 추정
노원역배스킨,,노원역필라테스,EXP_SEARCH,unregistered,ui,,,2026-09-27,09-23 목록 이름인데 UI +추가 = 미등록
노원역배스킨라빈스,,노원역필라테스,EXP_SEARCH,registered,ui,2026-09-23,,2026-09-27,기록 목록 2026-09-23
노원역베스킨,,노원역필라테스,EXP_SEARCH,registered,ui,,,2026-09-27,원본 미보관 목록(38·67·79) 유래 추정
노원역베스킨라빈스,,노원역필라테스,EXP_SEARCH,registered,ui,2026-09-21,,2026-09-27,기록 목록 2026-09-21
노원역복사,,노원역필라테스,EXP_SEARCH,registered,ui,,,2026-09-27,원본 미보관 목록(38·67·79) 유래 추정
노원역분위기,,노원역필라테스,EXP_SEARCH,registered,ui,,,2026-09-27,원본 미보관 목록(38·67·79) 유래 추정
노원역뷰카페,,노원역필라테스,EXP_SEARCH,registered,ui,2026-09-20,,2026-09-27,기록 목록 2026-09-20
노원역사진,,노원역필라테스,EXP_SEARCH,registered,ui,,,2026-09-27,원본 미보관 목록(38·67·79) 유래 추정
노원역사진찍기,,노원역필라테스,EXP_SEARCH,registered,ui,,,2026-09-27,원본 미보관 목록(38·67·79) 유래 추정
노원역산부인,,노원역필라테스,EXP_SEARCH,registered,ui,,,2026-09-27,원본 미보관 목록(38·67·79) 유래 추정
노원역새건물,,노원역필라테스,EXP_SEARCH,registered,ui,,,2026-09-27,원본 미보관 목록(38·67·79) 유래 추정
노원역새로생긴,,노원역필라테스,EXP_SEARCH,registered,ui,,,2026-09-27,원본 미보관 목록(38·67·79) 유래 추정
노원역새로생긴맛집,,노원역필라테스,EXP_SEARCH,registered,ui,,,2026-09-27,원본 미보관 목록(38·67·79) 유래 추정
노원역새로생긴집,,노원역필라테스,EXP_SEARCH,registered,ui,,,2026-09-27,원본 미보관 목록(38·67·79) 유래 추정
노원역새로생긴카페,,노원역필라테스,EXP_SEARCH,registered,ui,,,2026-09-27,원본 미보관 목록(38·67·79) 유래 추정
노원역새로오픈,,노원역필라테스,EXP_SEARCH,registered,ui,,,2026-09-27,원본 미보관 목록(38·67·79) 유래 추정
노원역새로오픈맛집,,노원역필라테스,EXP_SEARCH,registered,ui,,,2026-09-27,원본 미보관 목록(38·67·79) 유래 추정
노원역새로오픈소고기,,노원역필라테스,EXP_SEARCH,unregistered,ui,,,2026-09-27,09-27 제안(미등록)
노원역새로오픈술집,,노원역필라테스,EXP_SEARCH,unregistered,ui,,,2026-09-27,09-23 목록 이름인데 UI +추가 = 미등록
노원역새로오픈식당,,노원역필라테스,EXP_SEARCH,registered,ui,,,2026-09-27,원본 미보관 목록(38·67·79) 유래 추정
노원역새로오픈한맛집,,노원역필라테스,EXP_SEARCH,registered,ui,,,2026-09-27,원본 미보관 목록(38·67·79) 유래 추정
노원역새로오픈한술집,,노원역필라테스,EXP_SEARCH,registered,ui,,,2026-09-27,원본 미보관 목록(38·67·79) 유래 추정
노원역새로오픈한식당,,노원역필라테스,EXP_SEARCH,registered,ui,,,2026-09-27,원본 미보관 목록(38·67·79) 유래 추정
노원역새로오픈한집,,노원역필라테스,EXP_SEARCH,registered,ui,,,2026-09-27,원본 미보관 목록(38·67·79) 유래 추정
노원역생선구이새로오픈,,노원역필라테스,EXP_SEARCH,registered,ui,2026-09-25,,2026-09-27,기록 목록 2026-09-25
노원역세,,노원역필라테스,EXP_SEARCH,unregistered,ui,,,2026-09-27,09-23 목록 이름인데 UI +추가 = 미등록
노원역스튜디오,,노원역필라테스,EXP_SEARCH,registered,ui,2026-09-26,,2026-09-27,기록 목록 2026-09-26
노원역신규맛집,,노원역필라테스,EXP_SEARCH,registered,ui,2026-09-21,,2026-09-27,기록 목록 2026-09-21
노원역신규오픈,,노원역필라테스,EXP_SEARCH,registered,ui,,,2026-09-27,원본 미보관 목록(38·67·79) 유래 추정
노원역아기,,노원역필라테스,EXP_SEARCH,unregistered,ui,,,2026-09-27,09-23 목록 이름인데 UI +추가 = 미등록
노원역아기랑,,노원역필라테스,EXP_SEARCH,registered,ui,2026-09-20,,2026-09-27,기록 목록 2026-09-20
노원역아기역,,노원역필라테스,EXP_SEARCH,registered,ui,2026-09-24,,2026-09-27,기록 목록 2026-09-24
노원역아기옷,,노원역필라테스,EXP_SEARCH,registered,ui,2026-09-25,,2026-09-27,기록 목록 2026-09-25
노원역아이랑,,노원역필라테스,EXP_SEARCH,registered,ui,2026-09-21,,2026-09-27,기록 목록 2026-09-21
노원역아이와체험,,노원역필라테스,EXP_SEARCH,registered,ui,2026-09-21,,2026-09-27,기록 목록 2026-09-21
노원역어깨,,노원역필라테스,EXP_SEARCH,registered,ui,2026-09-25,,2026-09-27,기록 목록 2026-09-25
노원역에새건물,,노원역필라테스,EXP_SEARCH,registered,ui,2026-09-26,,2026-09-27,기록 목록 2026-09-26
노원역역맛집,,노원역필라테스,EXP_SEARCH,registered,ui,2026-09-21,,2026-09-27,기록 목록 2026-09-21
노원역예쁨,,노원역필라테스,EXP_SEARCH,registered,ui,,,2026-09-27,원본 미보관 목록(38·67·79) 유래 추정
노원역오꼬,,노원역필라테스,EXP_SEARCH,registered,ui,2026-09-21,,2026-09-27,기록 목록 2026-09-21
노원역오픈,,노원역필라테스,EXP_SEARCH,registered,ui,,,2026-09-27,원본 미보관 목록(38·67·79) 유래 추정
노원역오픈맛집,,노원역필라테스,EXP_SEARCH,registered,ui,,,2026-09-27,원본 미보관 목록(38·67·79) 유래 추정
노원역옷,,노원역필라테스,EXP_SEARCH,registered,ui,,,2026-09-27,원본 미보관 목록(38·67·79) 유래 추정
노원역우동맛집,,노원역필라테스,EXP_SEARCH,registered,ui,,,2026-09-27,원본 미보관 목록(38·67·79) 유래 추정
노원역우동집,,노원역필라테스,EXP_SEARCH,registered,ui,,,2026-09-27,원본 미보관 목록(38·67·79) 유래 추정
노원역우동짜장,,노원역필라테스,EXP_SEARCH,registered,ui,2026-09-20,,2026-09-27,기록 목록 2026-09-20
노원역운영중,,노원역필라테스,EXP_SEARCH,registered,ui,2026-09-21,,2026-09-27,기록 목록 2026-09-21
노원역월,,노원역필라테스,EXP_SEARCH,registered,ui,2026-09-26,,2026-09-27,기록 목록 2026-09-26
노원역위치,,노원역필라테스,EXP_SEARCH,registered,ui,2026-09-24,,2026-09-27,기록 목록 2026-09-24
노원역의류,,노원역필라테스,EXP_SEARCH,registered,ui,2026-09-25,,2026-09-27,기록 목록 2026-09-25
노원역이미지,,노원역필라테스,EXP_SEARCH,registered,ui,,,2026-09-27,원본 미보관 목록(38·67·79) 유래 추정
노원역일요일영업,,노원역필라테스,EXP_SEARCH,registered,ui,2026-09-20,,2026-09-27,기록 목록 2026-09-20
노원역전기,,노원역필라테스,EXP_SEARCH,registered,ui,,,2026-09-27,원본 미보관 목록(38·67·79) 유래 추정
노원역전화,,노원역필라테스,EXP_SEARCH,registered,ui,,,2026-09-27,원본 미보관 목록(38·67·79) 유래 추정
노원역정기주차,,노원역필라테스,EXP_SEARCH,registered,ui,,,2026-09-27,원본 미보관 목록(38·67·79) 유래 추정
노원역주차,,노원역필라테스,EXP_SEARCH,registered,ui,2026-09-10,,2026-09-27,기록 목록 2026-09-10
노원역주차장,,노원역필라테스,EXP_SEARCH,registered,ui,2026-09-10,,2026-09-27,기록 목록 2026-09-10
노원역지도,,노원역필라테스,EXP_SEARCH,registered,ui,,,2026-09-27,원본 미보관 목록(38·67·79) 유래 추정
노원역체험,,노원역필라테스,EXP_SEARCH,registered,ui,2026-09-21,,2026-09-27,기록 목록 2026-09-21
노원역추석,,노원역필라테스,EXP_SEARCH,registered,ui,2026-09-26,,2026-09-27,재등록 2026-09-26
노원역추석맛집,,노원역필라테스,EXP_SEARCH,registered,ui,,,2026-09-27,원본 미보관 목록(38·67·79) 유래 추정
노원역추석영업,,노원역필라테스,EXP_SEARCH,registered,ui,2026-09-26,,2026-09-27,기록 목록 2026-09-26
노원역추천장소,,노원역필라테스,EXP_SEARCH,unregistered,ui,,,2026-09-27,09-23 목록 이름인데 UI +추가 = 미등록
노원역출구,,노원역필라테스,EXP_SEARCH,registered,ui,2026-09-23,,2026-09-27,기록 목록 2026-09-23
노원역출발,,노원역필라테스,EXP_SEARCH,registered,ui,2026-09-20,,2026-09-27,기록 목록 2026-09-20
노원역카페,,노원역필라테스,EXP_SEARCH,registered,ui,2026-09-10,,2026-09-27,기록 목록 2026-09-10
노원역카페새로생긴,,노원역필라테스,EXP_SEARCH,registered,ui,2026-09-25,,2026-09-27,기록 목록 2026-09-25
노원역쾌적한,,노원역필라테스,EXP_SEARCH,registered,ui,2026-09-25,,2026-09-27,기록 목록 2026-09-25
노원역키즈,,노원역필라테스,EXP_SEARCH,unregistered,ui,,,2026-09-27,09-23 목록 이름인데 UI +추가 = 미등록
노원역테니스레슨,,노원역필라테스,EXP_SEARCH,registered,ui,2026-09-26,,2026-09-27,재등록 2026-09-26
노원역필라프,,노원역필라테스,EXP_SEARCH,registered,ui,,,2026-09-27,원본 미보관 목록(38·67·79) 유래 추정
노원역헬스,,노원역필라테스,EXP_SEARCH,registered,ui,2026-09-17,,2026-09-27,기록 목록 2026-09-17
노원역헬스장,,노원역필라테스,EXP_SEARCH,unregistered,ui,,,2026-09-27,09-27 제안(미등록)
노원역혼자,,노원역필라테스,EXP_SEARCH,unregistered,ui,,,2026-09-27,09-23 목록 이름인데 UI +추가 = 미등록
노원역회집새로오픈,,노원역필라테스,EXP_SEARCH,registered,ui,,,2026-09-27,원본 미보관 목록(38·67·79) 유래 추정
노원역힐링,,노원역필라테스,EXP_SEARCH,registered,ui,,,2026-09-27,원본 미보관 목록(38·67·79) 유래 추정
노원역힐링공간,,노원역필라테스,EXP_SEARCH,unregistered,ui,,,2026-09-27,09-23 목록 이름인데 UI +추가 = 미등록
노원오픈,,노원역필라테스,EXP_SEARCH,registered,ui,,,2026-09-27,원본 미보관 목록(38·67·79) 유래 추정
노원우동,,노원역필라테스,EXP_SEARCH,registered,ui,,,2026-09-27,원본 미보관 목록(38·67·79) 유래 추정
노원체험,,노원역필라테스,EXP_SEARCH,unregistered,ui,,,2026-09-27,09-23 목록 이름인데 UI +추가 = 미등록
노원키즈카페새로오픈,,노원역필라테스,EXP_SEARCH,registered,ui,,,2026-09-27,원본 미보관 목록(38·67·79) 유래 추정
노원키즈필라테스,,노원역필라테스,EXP_SEARCH,registered,ui,2026-09-20,,2026-09-27,기록 목록 2026-09-20
노원테니스레슨,,노원역필라테스,EXP_SEARCH,registered,ui,,,2026-09-27,원본 미보관 목록(38·67·79) 유래 추정
노원필라테스강사,,노원역필라테스,EXP_SEARCH,registered,ui,2026-09-20,,2026-09-27,기록 목록 2026-09-20
모든날필라테스,,노원역필라테스,EXP_SEARCH,registered,ui,,,2026-09-27,원본 미보관 목록(38·67·79) 유래 추정
새로오픈,,노원역필라테스,EXP_SEARCH,registered,ui,2026-09-10,,2026-09-27,기록 목록 2026-09-10
수정역필라테스,,노원역필라테스,EXP_SEARCH,registered,ui,2026-09-10,,2026-09-27,기록 목록 2026-09-10
시니어필라테스복,,노원역필라테스,EXP_SEARCH,registered,ui,2026-09-20,,2026-09-27,기록 목록 2026-09-20
우동노원역,,노원역필라테스,EXP_SEARCH,registered,ui,,,2026-09-27,원본 미보관 목록(38·67·79) 유래 추정
우동집노원역,,노원역필라테스,EXP_SEARCH,registered,ui,2026-09-21,,2026-09-27,기록 목록 2026-09-21
주차노원역,,노원역필라테스,EXP_SEARCH,registered,ui,2026-09-20,,2026-09-27,기록 목록 2026-09-20
카페노원역,,노원역필라테스,EXP_SEARCH,registered,ui,,,2026-09-27,원본 미보관 목록(38·67·79) 유래 추정
나다운필라테스,,상계동필라테스,EXP_SEARCH,registered,ui,2026-09-10,,2026-09-27,기록 목록 2026-09-10
노원디자인새로,,상계동필라테스,EXP_SEARCH,registered,ui,,,2026-09-27,원본 미보관 목록(38·67·79) 유래 추정
노원새로비트,,상계동필라테스,EXP_SEARCH,registered,ui,,,2026-09-27,원본 미보관 목록(38·67·79) 유래 추정
노원새로생긴,,상계동필라테스,EXP_SEARCH,registered,ui,,,2026-09-27,원본 미보관 목록(38·67·79) 유래 추정
노원새로오미자,,상계동필라테스,EXP_SEARCH,registered,ui,,,2026-09-27,원본 미보관 목록(38·67·79) 유래 추정
노원새로이,,상계동필라테스,EXP_SEARCH,registered,ui,,,2026-09-27,원본 미보관 목록(38·67·79) 유래 추정
노원아띠,,상계동필라테스,EXP_SEARCH,unregistered,ui,,,2026-09-27,09-27 제안(미등록)
노원역금호스,,상계동필라테스,EXP_SEARCH,registered,ui,2026-09-25,,2026-09-27,기록 목록 2026-09-25
노원역보세,,상계동필라테스,EXP_SEARCH,unregistered,ui,,,2026-09-27,09-27 제안(미등록)
노원역세차,,상계동필라테스,EXP_SEARCH,registered,ui,2026-09-20,,2026-09-27,기록 목록 2026-09-20
노원역정정,,상계동필라테스,EXP_SEARCH,registered,ui,2026-09-21,,2026-09-27,기록 목록 2026-09-21
노원역타이어,,상계동필라테스,EXP_SEARCH,registered,ui,,,2026-09-27,원본 미보관 목록(38·67·79) 유래 추정
노원오미자새로,,상계동필라테스,EXP_SEARCH,registered,ui,,,2026-09-27,원본 미보관 목록(38·67·79) 유래 추정
모든날필라테스,,상계동필라테스,EXP_SEARCH,registered,ui,,,2026-09-27,원본 미보관 목록(38·67·79) 유래 추정
새로오픈,,상계동필라테스,EXP_SEARCH,registered,ui,2026-09-10,,2026-09-27,기록 목록 2026-09-10
새로클린노원,,상계동필라테스,EXP_SEARCH,unregistered,ui,,,2026-09-27,09-27 제안(미등록)
한스노원역,,상계동필라테스,EXP_SEARCH,registered,ui,2026-09-25,,2026-09-27,기록 목록 2026-09-25
