"검색어 보고서(2026.09.01.~2026.09.25.),2580077"
검색어,검색 유형,일별,노출수,클릭수,클릭률(%),평균 CPC,총비용,총 전환수,총 전환율(%),총 전환매출액(원),총 전환당비용(원),총 광고수익률(%),구매완료 전환수,구매완료 전환매출액(원),구매완료 광고수익률(%)
11번노원,확장,2026.09.21.,1,0,0,0,0,0,0,0,0,0,0,0,0
3:1필라테스,확장,2026.09.02.,1,0,0,0,0,0,0,0,0,0,0,0,0
3:1필라테스,확장,2026.09.23.,1,0,0,0,0,0,0,0,0,0,0,0,0
5번노원,확장,2026.09.01.,1,0,0,0,0,0,0,0,0,0,0,0,0
5번노원,확장,2026.09.03.,1,0,0,0,0,0,0,0,0,0,0,0,0
5번노원,확장,2026.09.07.,1,0,0,0,0,0,0,0,0,0,0,0,0
6세필라테스,확장,2026.09.25.,1,0,0,0,0,0,0,0,0,0,0,0,0
7세필라테스,확장,2026.09.23.,1,0,0,0,0,0,0,0,0,0,0,0,0
H필라테스노원,확장,2026.09.05.,1,0,0,0,0,0,0,0,0,0,0,0,0
INTOPILATES,확장,2026.09.19.,1,0,0,0,0,0,0,0,0,0,0,0,0
INTOPILATES,확장,2026.09.20.,1,0,0,0,0,0,0,0,0,0,0,0,0
IN필라테스,일치,2026.09.14.,1,0,0,0,0,0,0,0,0,0,0,0,0
RHA필라테스상계,확장,2026.09.05.,1,0,0,0,0,0,0,0,0,0,0,0,0
RHA필라테스상계동,확장,2026.09.05.,1,0,0,0,0,0,0,0,0,0,0,0,0
건영스포츠,일치,2026.09.16.,1,0,0,0,0,0,0,0,0,0,0,0,0
건영스포츠,일치,2026.09.21.,3,0,0,0,0,0,0,0,0,0,0,0,0
건영스포츠,일치,2026.09.22.,3,0,0,0,0,0,0,0,0,0,0,0,0
결필라테스,일치,2026.09.09.,1,0,0,0,0,0,0,0,0,0,0,0,0
그룹필테노원,확장,2026.09.05.,1,0,0,0,0,0,0,0,0,0,0,0,0
그룹필테노원역,확장,2026.09.05.,1,0,0,0,0,0,0,0,0,0,0,0,0
그릿필라테스,일치,2026.09.15.,1,0,0,0,0,0,0,0,0,0,0,0,0
근처산전필라테스,확장,2026.09.16.,1,0,0,0,0,0,0,0,0,0,0,0,0
근처운동,일치,2026.09.19.,2,0,0,0,0,0,0,0,0,0,0,0,0
근처필라테스,일치,2026.09.01.,3,0,0,0,0,0,0,0,0,0,0,0,0
근처필라테스,일치,2026.09.03.,2,0,0,0,0,0,0,0,0,0,0,0,0
근처필라테스,일치,2026.09.04.,2,0,0,0,0,0,0,0,0,0,0,0,0
근처필라테스,일치,2026.09.05.,5,0,0,0,0,0,0,0,0,0,0,0,0
근처필라테스,일치,2026.09.06.,1,0,0,0,0,0,0,0,0,0,0,0,0
근처필라테스,일치,2026.09.08.,11,0,0,0,0,0,0,0,0,0,0,0,0
근처필라테스,일치,2026.09.09.,2,0,0,0,0,0,0,0,0,0,0,0,0
근처필라테스,일치,2026.09.10.,2,0,0,0,0,0,0,0,0,0,0,0,0
근처필라테스,일치,2026.09.11.,1,1,100,1561,1561,0,0,0,0,0,0,0,0
근처필라테스,일치,2026.09.13.,2,1,50,1488,1488,0,0,0,0,0,0,0,0
근처필라테스,일치,2026.09.14.,3,0,0,0,0,0,0,0,0,0,0,0,0
근처필라테스,일치,2026.09.15.,1,0,0,0,0,0,0,0,0,0,0,0,0
근처필라테스,일치,2026.09.16.,6,0,0,0,0,0,0,0,0,0,0,0,0
근처필라테스,일치,2026.09.17.,2,0,0,0,0,0,0,0,0,0,0,0,0
근처필라테스,일치,2026.09.19.,5,0,0,0,0,0,0,0,0,0,0,0,0
근처필라테스,일치,2026.09.20.,2,1,50,1676,1676,0,0,0,0,0,0,0,0
근처필라테스,일치,2026.09.21.,6,0,0,0,0,0,0,0,0,0,0,0,0
근처필라테스,일치,2026.09.22.,4,0,0,0,0,0,0,0,0,0,0,0,0
근처필라테스,일치,2026.09.23.,3,0,0,0,0,0,0,0,0,0,0,0,0
근처필라테스,일치,2026.09.24.,1,0,0,0,0,0,0,0,0,0,0,0,0
근처필라테스,일치,2026.09.25.,1,0,0,0,0,0,0,0,0,0,0,0,0
글램필라테스,일치,2026.09.21.,1,0,0,0,0,0,0,0,0,0,0,0,0
나다운필라테스,확장,2026.09.01.,2,0,0,0,0,0,0,0,0,0,0,0,0
나다운필라테스,확장,2026.09.02.,7,0,0,0,0,0,0,0,0,0,0,0,0
나다운필라테스,확장,2026.09.03.,3,0,0,0,0,0,0,0,0,0,0,0,0
나다운필라테스,확장,2026.09.05.,5,0,0,0,0,0,0,0,0,0,0,0,0
나다운필라테스,확장,2026.09.06.,4,0,0,0,0,0,0,0,0,0,0,0,0
나다운필라테스,확장,2026.09.07.,4,0,0,0,0,0,0,0,0,0,0,0,0
나래스포츠,일치,2026.09.10.,1,0,0,0,0,0,0,0,0,0,0,0,0
나래스포츠,일치,2026.09.19.,2,0,0,0,0,0,0,0,0,0,0,0,0
나래스포츠,일치,2026.09.23.,1,0,0,0,0,0,0,0,0,0,0,0,0
내근처필라테스,일치,2026.09.17.,4,0,0,0,0,0,0,0,0,0,0,0,0
내근처필라테스,일치,2026.09.22.,3,0,0,0,0,0,0,0,0,0,0,0,0
내맘대로필라테스,확장,2026.09.14.,1,0,0,0,0,0,0,0,0,0,0,0,0
내주변필라테스,일치,2026.09.01.,1,0,0,0,0,0,0,0,0,0,0,0,0
노원1:1필라테스,확장,2026.09.03.,1,1,100,683,683,0,0,0,0,0,0,0,0
노원1:1필라테스,확장,2026.09.20.,1,0,0,0,0,0,0,0,0,0,0,0,0
노원3단지필라테스,확장,2026.09.21.,1,0,0,0,0,0,0,0,0,0,0,0,0
노원9월행사,확장,2026.09.21.,1,0,0,0,0,0,0,0,0,0,0,0,0
노원9월행사,확장,2026.09.25.,2,0,0,0,0,0,0,0,0,0,0,0,0
노원M필라테스,확장,2026.09.02.,1,0,0,0,0,0,0,0,0,0,0,0,0
노원M필라테스,확장,2026.09.03.,1,0,0,0,0,0,0,0,0,0,0,0,0
노원M필라테스,확장,2026.09.12.,1,0,0,0,0,0,0,0,0,0,0,0,0
노원M필라테스,확장,2026.09.13.,2,1,50,522,522,0,0,0,0,0,0,0,0
노원M필라테스,확장,2026.09.21.,1,0,0,0,0,0,0,0,0,0,0,0,0
노원OPEN,확장,2026.09.09.,1,0,0,0,0,0,0,0,0,0,0,0,0
노원VIP필라테스,확장,2026.09.22.,1,0,0,0,0,0,0,0,0,0,0,0,0
노원\몸편한,확장,2026.09.07.,1,0,0,0,0,0,0,0,0,0,0,0,0
노원]하루공간,확장,2026.09.21.,1,0,0,0,0,0,0,0,0,0,0,0,0
노원가구필라테스,확장,2026.09.18.,1,0,0,0,0,0,0,0,0,0,0,0,0
노원거울,확장,2026.09.14.,1,0,0,0,0,0,0,0,0,0,0,0,0
노원골반교정필라테스,확장,2026.09.16.,1,0,0,0,0,0,0,0,0,0,0,0,0
노원구GODTK,확장,2026.09.20.,1,0,0,0,0,0,0,0,0,0,0,0,0
노원구근처필라테스,일치(유사검색어),2026.09.01.,1,0,0,0,0,0,0,0,0,0,0,0,0
노원구기구필라테스,확장,2026.09.24.,1,0,0,0,0,0,0,0,0,0,0,0,0
노원구노원부티필라테스,확장,2026.09.20.,3,0,0,0,0,0,0,0,0,0,0,0,0
노원구레슨,확장,2026.09.22.,1,0,0,0,0,0,0,0,0,0,0,0,0
노원구비대칭필라테스,확장,2026.09.18.,1,0,0,0,0,0,0,0,0,0,0,0,0
노원구산전필라테스,확장,2026.09.20.,1,0,0,0,0,0,0,0,0,0,0,0,0
노원구산후필라테스,확장,2026.09.16.,1,0,0,0,0,0,0,0,0,0,0,0,0
노원구소도구필라테스,확장,2026.09.22.,1,0,0,0,0,0,0,0,0,0,0,0,0
노원구아기,확장,2026.09.06.,1,0,0,0,0,0,0,0,0,0,0,0,0
노원구아기,확장,2026.09.13.,1,0,0,0,0,0,0,0,0,0,0,0,0
노원구아기,확장,2026.09.15.,1,0,0,0,0,0,0,0,0,0,0,0,0
노원구아기,확장,2026.09.19.,1,0,0,0,0,0,0,0,0,0,0,0,0
노원구아기랑,확장,2026.09.02.,2,0,0,0,0,0,0,0,0,0,0,0,0
노원구아기랑,확장,2026.09.03.,1,0,0,0,0,0,0,0,0,0,0,0,0
노원구아기랑,확장,2026.09.05.,2,0,0,0,0,0,0,0,0,0,0,0,0
노원구아기랑,확장,2026.09.06.,1,0,0,0,0,0,0,0,0,0,0,0,0
노원구아기랑,확장,2026.09.07.,2,0,0,0,0,0,0,0,0,0,0,0,0
노원구아기랑,확장,2026.09.08.,1,0,0,0,0,0,0,0,0,0,0,0,0
노원구아기랑,확장,2026.09.10.,1,0,0,0,0,0,0,0,0,0,0,0,0
노원구아기랑,확장,2026.09.11.,2,0,0,0,0,0,0,0,0,0,0,0,0
노원구아기랑,확장,2026.09.12.,4,0,0,0,0,0,0,0,0,0,0,0,0
노원구아기랑,확장,2026.09.13.,5,0,0,0,0,0,0,0,0,0,0,0,0
노원구아기랑,확장,2026.09.14.,3,0,0,0,0,0,0,0,0,0,0,0,0
노원구아기랑,확장,2026.09.16.,3,0,0,0,0,0,0,0,0,0,0,0,0
노원구아기랑,확장,2026.09.17.,3,0,0,0,0,0,0,0,0,0,0,0,0
노원구아기랑,확장,2026.09.18.,1,0,0,0,0,0,0,0,0,0,0,0,0
노원구아기랑,확장,2026.09.19.,7,0,0,0,0,0,0,0,0,0,0,0,0
노원구아기랑,확장,2026.09.20.,4,0,0,0,0,0,0,0,0,0,0,0,0
노원구아기랑,확장,2026.09.21.,3,0,0,0,0,0,0,0,0,0,0,0,0
노원구어린이,확장,2026.09.08.,1,0,0,0,0,0,0,0,0,0,0,0,0
노원구어린이,확장,2026.09.13.,1,0,0,0,0,0,0,0,0,0,0,0,0
노원구어린이,확장,2026.09.22.,1,0,0,0,0,0,0,0,0,0,0,0,0
노원구어린이,확장,2026.09.24.,1,0,0,0,0,0,0,0,0,0,0,0,0
노원구어린이,확장,2026.09.25.,3,0,0,0,0,0,0,0,0,0,0,0,0
노원구어린이체험,확장,2026.09.02.,2,0,0,0,0,0,0,0,0,0,0,0,0
노원구어린이체험,확장,2026.09.04.,1,0,0,0,0,0,0,0,0,0,0,0,0
노원구어린이체험,확장,2026.09.05.,3,0,0,0,0,0,0,0,0,0,0,0,0
노원구어린이체험,확장,2026.09.22.,1,0,0,0,0,0,0,0,0,0,0,0,0
노원구오픈,확장,2026.09.11.,1,0,0,0,0,0,0,0,0,0,0,0,0
노원구오픈,확장,2026.09.12.,1,0,0,0,0,0,0,0,0,0,0,0,0
노원구오픈,확장,2026.09.14.,1,0,0,0,0,0,0,0,0,0,0,0,0
노원구우동,확장,2026.09.08.,1,0,0,0,0,0,0,0,0,0,0,0,0
노원구우동,확장,2026.09.20.,1,0,0,0,0,0,0,0,0,0,0,0,0
노원구운동,일치,2026.09.15.,1,0,0,0,0,0,0,0,0,0,0,0,0
노원구운동,일치,2026.09.16.,2,0,0,0,0,0,0,0,0,0,0,0,0
노원구운동,일치,2026.09.18.,4,0,0,0,0,0,0,0,0,0,0,0,0
노원구운동,확장,2026.09.16.,1,0,0,0,0,0,0,0,0,0,0,0,0
노원구운동,확장,2026.09.23.,2,0,0,0,0,0,0,0,0,0,0,0,0
노원구월계필라테스,확장,2026.09.12.,1,0,0,0,0,0,0,0,0,0,0,0,0
노원구인근필라테스,일치(유사검색어),2026.09.01.,1,0,0,0,0,0,0,0,0,0,0,0,0
노원구임산부필라테스,확장,2026.09.09.,1,0,0,0,0,0,0,0,0,0,0,0,0
노원구임산부필라테스,확장,2026.09.11.,1,0,0,0,0,0,0,0,0,0,0,0,0
노원구임산부필라테스,확장,2026.09.16.,3,0,0,0,0,0,0,0,0,0,0,0,0
노원구임산부필라테스,확장,2026.09.20.,1,0,0,0,0,0,0,0,0,0,0,0,0
노원구임산부필라테스,확장,2026.09.24.,1,0,0,0,0,0,0,0,0,0,0,0,0
노원구장애인필라테스,확장,2026.09.19.,2,0,0,0,0,0,0,0,0,0,0,0,0
노원구장애필라테스,확장,2026.09.19.,1,0,0,0,0,0,0,0,0,0,0,0,0
노원구정원필라테스,확장,2026.09.14.,1,0,0,0,0,0,0,0,0,0,0,0,0
노원구중랑구필라테스,확장,2026.09.05.,1,0,0,0,0,0,0,0,0,0,0,0,0
노원구지자체필라테스,확장,2026.09.06.,1,0,0,0,0,0,0,0,0,0,0,0,0
노원구청필라테스,확장,2026.09.20.,1,0,0,0,0,0,0,0,0,0,0,0,0
노원구청필라테스,확장,2026.09.22.,1,0,0,0,0,0,0,0,0,0,0,0,0
노원구체험관,확장,2026.09.24.,1,0,0,0,0,0,0,0,0,0,0,0,0
노원구출장필라테스,확장,2026.09.10.,1,0,0,0,0,0,0,0,0,0,0,0,0
노원구클래식필라테스,확장,2026.09.10.,1,0,0,0,0,0,0,0,0,0,0,0,0
노원구필라테스,일치,2026.09.01.,13,0,0,0,0,0,0,0,0,0,0,0,0
노원구필라테스,일치,2026.09.02.,3,1,33.33,1280,1280,0,0,0,0,0,0,0,0
노원구필라테스,일치,2026.09.05.,2,0,0,0,0,0,0,0,0,0,0,0,0
노원구필라테스,일치,2026.09.06.,2,0,0,0,0,0,0,0,0,0,0,0,0
노원구필라테스,일치,2026.09.07.,3,0,0,0,0,0,0,0,0,0,0,0,0
노원구필라테스,일치,2026.09.09.,5,1,20,1343,1343,0,0,0,0,0,0,0,0
노원구필라테스,일치,2026.09.11.,2,0,0,0,0,0,0,0,0,0,0,0,0
노원구필라테스,일치,2026.09.12.,2,0,0,0,0,0,0,0,0,0,0,0,0
노원구필라테스,일치,2026.09.13.,1,0,0,0,0,0,0,0,0,0,0,0,0
노원구필라테스,일치,2026.09.14.,3,0,0,0,0,0,0,0,0,0,0,0,0
노원구필라테스,일치,2026.09.15.,6,0,0,0,0,0,0,0,0,0,0,0,0
노원구필라테스,일치,2026.09.16.,1,0,0,0,0,0,0,0,0,0,0,0,0
노원구필라테스,일치,2026.09.17.,4,1,25,1723,1723,0,0,0,0,0,0,0,0
노원구필라테스,일치,2026.09.18.,3,1,33.33,1758,1758,0,0,0,0,0,0,0,0
노원구필라테스,일치,2026.09.19.,1,0,0,0,0,0,0,0,0,0,0,0,0
노원구필라테스,일치,2026.09.20.,5,1,20,1575,1575,0,0,0,0,0,0,0,0
노원구필라테스,일치,2026.09.21.,3,0,0,0,0,0,0,0,0,0,0,0,0
노원구필라테스,일치,2026.09.22.,29,1,3.45,1690,1690,0,0,0,0,0,0,0,0
노원구필라테스,일치,2026.09.24.,1,0,0,0,0,0,0,0,0,0,0,0,0
노원구필라테스,확장,2026.09.01.,3,0,0,0,0,0,0,0,0,0,0,0,0
노원구필라테스,확장,2026.09.02.,2,0,0,0,0,0,0,0,0,0,0,0,0
노원구필라테스,확장,2026.09.03.,2,0,0,0,0,0,0,0,0,0,0,0,0
노원구필라테스,확장,2026.09.05.,1,0,0,0,0,0,0,0,0,0,0,0,0
노원구필라테스,확장,2026.09.08.,2,1,50,484,484,0,0,0,0,0,0,0,0
노원구필라테스,확장,2026.09.09.,1,0,0,0,0,0,0,0,0,0,0,0,0
노원구필라테스,확장,2026.09.10.,1,0,0,0,0,0,0,0,0,0,0,0,0
노원구필라테스,확장,2026.09.11.,2,0,0,0,0,0,0,0,0,0,0,0,0
노원구필라테스,확장,2026.09.14.,1,0,0,0,0,0,0,0,0,0,0,0,0
노원구필라테스,확장,2026.09.16.,1,0,0,0,0,0,0,0,0,0,0,0,0
노원구필라테스,확장,2026.09.17.,2,0,0,0,0,0,0,0,0,0,0,0,0
노원구필라테스,확장,2026.09.19.,1,0,0,0,0,0,0,0,0,0,0,0,0
노원구필라테스,확장,2026.09.20.,3,0,0,0,0,0,0,0,0,0,0,0,0
노원구필라테스,확장,2026.09.21.,3,0,0,0,0,0,0,0,0,0,0,0,0
노원구필라테스,확장,2026.09.22.,3,0,0,0,0,0,0,0,0,0,0,0,0
노원구필라테스그룹체험권,확장,2026.09.08.,1,0,0,0,0,0,0,0,0,0,0,0,0
노원구필라테스매매,확장,2026.09.17.,2,0,0,0,0,0,0,0,0,0,0,0,0
노원구필라테스센터,확장,2026.09.11.,1,0,0,0,0,0,0,0,0,0,0,0,0
노원구필라테스자격증,확장,2026.09.09.,1,0,0,0,0,0,0,0,0,0,0,0,0
노원구필라테스정원,확장,2026.09.21.,1,0,0,0,0,0,0,0,0,0,0,0,0
노원구필라테스추천,일치,2026.09.15.,1,0,0,0,0,0,0,0,0,0,0,0,0
노원구필라테스학원,확장,2026.09.06.,1,0,0,0,0,0,0,0,0,0,0,0,0
노원구필라테스학원,확장,2026.09.19.,1,0,0,0,0,0,0,0,0,0,0,0,0
노원그룹운동,확장,2026.09.02.,1,0,0,0,0,0,0,0,0,0,0,0,0
노원그룹운동,확장,2026.09.08.,1,0,0,0,0,0,0,0,0,0,0,0,0
노원그룹운동,확장,2026.09.17.,3,0,0,0,0,0,0,0,0,0,0,0,0
노원그룹운동,확장,2026.09.19.,1,0,0,0,0,0,0,0,0,0,0,0,0
노원그룹운동,확장,2026.09.21.,1,0,0,0,0,0,0,0,0,0,0,0,0
노원그룹필라테스,확장,2026.09.05.,1,0,0,0,0,0,0,0,0,0,0,0,0
노원그룹필라테스,확장,2026.09.21.,1,0,0,0,0,0,0,0,0,0,0,0,0
노원그룹필라테스,확장,2026.09.25.,4,0,0,0,0,0,0,0,0,0,0,0,0
노원그룹필라테스가격,확장,2026.09.18.,1,0,0,0,0,0,0,0,0,0,0,0,0
노원그룹필라테스추천,확장,2026.09.21.,1,1,100,373,373,0,0,0,0,0,0,0,0
노원기구필라테스,확장,2026.09.12.,1,0,0,0,0,0,0,0,0,0,0,0,0
노원기구필라테스,확장,2026.09.22.,1,0,0,0,0,0,0,0,0,0,0,0,0
노원까페,확장,2026.09.13.,1,0,0,0,0,0,0,0,0,0,0,0,0
노원내돈내산,확장,2026.09.05.,1,0,0,0,0,0,0,0,0,0,0,0,0
노원내돈내산,확장,2026.09.07.,1,0,0,0,0,0,0,0,0,0,0,0,0
노원내돈내산,확장,2026.09.08.,2,0,0,0,0,0,0,0,0,0,0,0,0
노원니드필라테스,확장,2026.09.20.,1,0,0,0,0,0,0,0,0,0,0,0,0
노원단체필라테스,확장,2026.09.19.,1,0,0,0,0,0,0,0,0,0,0,0,0
노원당구레슨,확장,2026.09.05.,1,0,0,0,0,0,0,0,0,0,0,0,0
노원당구레슨,확장,2026.09.06.,1,0,0,0,0,0,0,0,0,0,0,0,0
노원당구레슨,확장,2026.09.08.,3,0,0,0,0,0,0,0,0,0,0,0,0
노원동시니어,확장,2026.09.02.,1,0,0,0,0,0,0,0,0,0,0,0,0
노원동필라테스,확장,2026.09.17.,2,0,0,0,0,0,0,0,0,0,0,0,0
노원듀엣필라테스,확장,2026.09.03.,1,0,0,0,0,0,0,0,0,0,0,0,0
노원디자인새로,확장,2026.09.14.,1,0,0,0,0,0,0,0,0,0,0,0,0
노원라일락필라테스,확장,2026.09.21.,1,0,0,0,0,0,0,0,0,0,0,0,0
노원맘카페-,확장,2026.09.18.,2,0,0,0,0,0,0,0,0,0,0,0,0
노원맘카페-,확장,2026.09.20.,1,0,0,0,0,0,0,0,0,0,0,0,0
노원맛집새로오픈,확장,2026.09.15.,1,0,0,0,0,0,0,0,0,0,0,0,0
노원맨즈필라테스,확장,2026.09.22.,1,0,0,0,0,0,0,0,0,0,0,0,0
노원문화원필라테스,확장,2026.09.14.,1,0,0,0,0,0,0,0,0,0,0,0,0
노원문화원필라테스,확장,2026.09.17.,1,0,0,0,0,0,0,0,0,0,0,0,0
노원문화원필라테스후기,확장,2026.09.07.,2,0,0,0,0,0,0,0,0,0,0,0,0
노원미용실새로오픈,확장,2026.09.01.,1,0,0,0,0,0,0,0,0,0,0,0,0
노원바른자세운동원,확장,2026.09.03.,1,0,0,0,0,0,0,0,0,0,0,0,0
노원배드민턴레슨,확장,2026.09.02.,1,0,0,0,0,0,0,0,0,0,0,0,0
노원배드민턴레슨,확장,2026.09.04.,1,0,0,0,0,0,0,0,0,0,0,0,0
노원배드민턴레슨,확장,2026.09.05.,5,0,0,0,0,0,0,0,0,0,0,0,0
노원배드민턴레슨,확장,2026.09.08.,6,0,0,0,0,0,0,0,0,0,0,0,0
노원배드민턴레슨,확장,2026.09.09.,1,0,0,0,0,0,0,0,0,0,0,0,0
노원배드민턴레슨,확장,2026.09.10.,2,0,0,0,0,0,0,0,0,0,0,0,0
노원복싱레슨,확장,2026.09.19.,1,0,0,0,0,0,0,0,0,0,0,0,0
노원산전요가,확장,2026.09.05.,1,0,0,0,0,0,0,0,0,0,0,0,0
노원산전요가,확장,2026.09.13.,3,0,0,0,0,0,0,0,0,0,0,0,0
노원산전요가,확장,2026.09.17.,1,0,0,0,0,0,0,0,0,0,0,0,0
노원산전필라테스,일치,2026.09.02.,1,0,0,0,0,0,0,0,0,0,0,0,0
노원산전필라테스,일치,2026.09.06.,1,0,0,0,0,0,0,0,0,0,0,0,0
노원산전필라테스,일치,2026.09.11.,1,0,0,0,0,0,0,0,0,0,0,0,0
노원산전필라테스,일치,2026.09.13.,1,0,0,0,0,0,0,0,0,0,0,0,0
노원산전필라테스,일치,2026.09.14.,1,0,0,0,0,0,0,0,0,0,0,0,0
노원산전필라테스,일치,2026.09.15.,1,0,0,0,0,0,0,0,0,0,0,0,0
노원산전필라테스,일치,2026.09.16.,1,0,0,0,0,0,0,0,0,0,0,0,0
노원산전필라테스토요일,확장,2026.09.06.,1,0,0,0,0,0,0,0,0,0,0,0,0
노원산후필라테스,확장,2026.09.07.,2,0,0,0,0,0,0,0,0,0,0,0,0
노원산후필라테스,확장,2026.09.14.,2,0,0,0,0,0,0,0,0,0,0,0,0
노원산후필라테스,확장,2026.09.18.,1,0,0,0,0,0,0,0,0,0,0,0,0
노원산후필라테스,확장,2026.09.19.,3,0,0,0,0,0,0,0,0,0,0,0,0
노원산후필라테스,확장,2026.09.21.,2,0,0,0,0,0,0,0,0,0,0,0,0
노원산후필라테스,확장,2026.09.24.,1,0,0,0,0,0,0,0,0,0,0,0,0
노원산후필라테스아기,확장,2026.09.18.,2,0,0,0,0,0,0,0,0,0,0,0,0
노원산후필라테스아기데리고,확장,2026.09.18.,1,0,0,0,0,0,0,0,0,0,0,0,0
노원상계근처필라테스추천,확장,2026.09.05.,2,0,0,0,0,0,0,0,0,0,0,0,0
노원상계동필라테스,확장,2026.09.19.,1,0,0,0,0,0,0,0,0,0,0,0,0
노원새로개관,확장,2026.09.07.,1,0,0,0,0,0,0,0,0,0,0,0,0
노원새로비트,확장,2026.09.12.,1,0,0,0,0,0,0,0,0,0,0,0,0
노원새로생긴,확장,2026.09.06.,2,0,0,0,0,0,0,0,0,0,0,0,0
노원새로생긴키즈,확장,2026.09.05.,1,0,0,0,0,0,0,0,0,0,0,0,0
노원새로오미자,확장,2026.09.11.,1,0,0,0,0,0,0,0,0,0,0,0,0
노원새로오픈,확장,2026.09.03.,1,0,0,0,0,0,0,0,0,0,0,0,0
노원새로오픈,확장,2026.09.04.,1,0,0,0,0,0,0,0,0,0,0,0,0
노원새로오픈,확장,2026.09.10.,1,0,0,0,0,0,0,0,0,0,0,0,0
노원새로오픈가게,확장,2026.09.03.,1,0,0,0,0,0,0,0,0,0,0,0,0
노원새로오픈맛집,확장,2026.09.02.,2,0,0,0,0,0,0,0,0,0,0,0,0
노원새로오픈맛집,확장,2026.09.04.,1,0,0,0,0,0,0,0,0,0,0,0,0
노원새로오픈맛집,확장,2026.09.06.,1,0,0,0,0,0,0,0,0,0,0,0,0
노원새로오픈맛집,확장,2026.09.09.,1,0,0,0,0,0,0,0,0,0,0,0,0
노원새로오픈맛집,확장,2026.09.10.,1,0,0,0,0,0,0,0,0,0,0,0,0
노원새로오픈뷔페,확장,2026.09.09.,1,0,0,0,0,0,0,0,0,0,0,0,0
노원새로오픈사우나,확장,2026.09.22.,1,0,0,0,0,0,0,0,0,0,0,0,0
노원새로오픈술집,확장,2026.09.22.,1,0,0,0,0,0,0,0,0,0,0,0,0
노원새로오픈식당,확장,2026.09.12.,1,0,0,0,0,0,0,0,0,0,0,0,0
노원새로오픈참치,확장,2026.09.17.,2,0,0,0,0,0,0,0,0,0,0,0,0
노원새로오픈한카페,확장,2026.09.20.,1,0,0,0,0,0,0,0,0,0,0,0,0
노원새로오픈햇어요,확장,2026.09.14.,1,0,0,0,0,0,0,0,0,0,0,0,0
노원새로오픈했어요,확장,2026.09.14.,1,0,0,0,0,0,0,0,0,0,0,0,0
노원새로오픈횟집,확장,2026.09.13.,1,0,0,0,0,0,0,0,0,0,0,0,0
노원새로이,확장,2026.09.07.,2,0,0,0,0,0,0,0,0,0,0,0,0
노원새로필라테스,확장,2026.09.02.,3,0,0,0,0,0,0,0,0,0,0,0,0
노원새로필라테스,확장,2026.09.03.,1,0,0,0,0,0,0,0,0,0,0,0,0
노원새로필라테스,확장,2026.09.04.,3,0,0,0,0,0,0,0,0,0,0,0,0
노원새로필라테스,확장,2026.09.06.,2,0,0,0,0,0,0,0,0,0,0,0,0
노원새로필라테스,확장,2026.09.07.,6,1,16.67,484,484,0,0,0,0,0,0,0,0
노원새로필라테스,확장,2026.09.08.,4,0,0,0,0,0,0,0,0,0,0,0,0
노원새로필라테스,확장,2026.09.09.,3,0,0,0,0,0,0,0,0,0,0,0,0
노원새로필라테스,확장,2026.09.10.,3,0,0,0,0,0,0,0,0,0,0,0,0
노원새로필라테스,확장,2026.09.11.,2,1,50,361,361,0,0,0,0,0,0,0,0
노원새로필라테스,확장,2026.09.13.,1,0,0,0,0,0,0,0,0,0,0,0,0
노원새로필라테스,확장,2026.09.14.,3,0,0,0,0,0,0,0,0,0,0,0,0
노원새로필라테스,확장,2026.09.15.,4,0,0,0,0,0,0,0,0,0,0,0,0
노원새로필라테스,확장,2026.09.16.,4,0,0,0,0,0,0,0,0,0,0,0,0
노원새로필라테스,확장,2026.09.18.,1,0,0,0,0,0,0,0,0,0,0,0,0
노원새로필라테스,확장,2026.09.19.,1,0,0,0,0,0,0,0,0,0,0,0,0
노원새로필라테스,확장,2026.09.20.,2,0,0,0,0,0,0,0,0,0,0,0,0
노원새로필라테스,확장,2026.09.21.,1,0,0,0,0,0,0,0,0,0,0,0,0
노원새로필라테스,확장,2026.09.22.,2,0,0,0,0,0,0,0,0,0,0,0,0
노원새로필라테스,확장,2026.09.23.,1,0,0,0,0,0,0,0,0,0,0,0,0
노원새로필라테스,확장,2026.09.24.,6,0,0,0,0,0,0,0,0,0,0,0,0
노원새로필라테스,확장,2026.09.25.,1,0,0,0,0,0,0,0,0,0,0,0,0
노원새로필라테스경력,확장,2026.09.23.,1,0,0,0,0,0,0,0,0,0,0,0,0
노원성희,확장,2026.09.17.,1,0,0,0,0,0,0,0,0,0,0,0,0
노원센트럴필라테스,확장,2026.09.07.,1,0,0,0,0,0,0,0,0,0,0,0,0
노원소중필라테스,확장,2026.09.11.,2,0,0,0,0,0,0,0,0,0,0,0,0
노원수락산필라테스,확장,2026.09.09.,4,0,0,0,0,0,0,0,0,0,0,0,0
노원스텝핑,확장,2026.09.24.,9,0,0,0,0,0,0,0,0,0,0,0,0
노원스튜디오레슨,확장,2026.09.21.,1,0,0,0,0,0,0,0,0,0,0,0,0
노원스포츠,일치,2026.09.10.,1,0,0,0,0,0,0,0,0,0,0,0,0
노원스포츠,일치,2026.09.13.,1,0,0,0,0,0,0,0,0,0,0,0,0
노원스포츠,일치,2026.09.15.,1,0,0,0,0,0,0,0,0,0,0,0,0
노원시니어,확장,2026.09.03.,1,0,0,0,0,0,0,0,0,0,0,0,0
노원시니어,확장,2026.09.09.,1,0,0,0,0,0,0,0,0,0,0,0,0
노원시니어,확장,2026.09.11.,1,0,0,0,0,0,0,0,0,0,0,0,0
노원시니어,확장,2026.09.18.,1,0,0,0,0,0,0,0,0,0,0,0,0
노원시니어운동,확장,2026.09.01.,3,0,0,0,0,0,0,0,0,0,0,0,0
노원시니어운동,확장,2026.09.02.,3,0,0,0,0,0,0,0,0,0,0,0,0
노원시니어운동,확장,2026.09.08.,1,0,0,0,0,0,0,0,0,0,0,0,0
노원시니어운동,확장,2026.09.10.,1,0,0,0,0,0,0,0,0,0,0,0,0
노원시니어필라테스,확장,2026.09.06.,5,1,20,270,270,0,0,0,0,0,0,0,0
노원시니어필라테스,확장,2026.09.09.,1,0,0,0,0,0,0,0,0,0,0,0,0
노원시니어필라테스,확장,2026.09.10.,1,0,0,0,0,0,0,0,0,0,0,0,0
노원시니어필라테스,확장,2026.09.13.,4,2,50,234,469,0,0,0,0,0,0,0,0
노원시니어필라테스,확장,2026.09.19.,1,0,0,0,0,0,0,0,0,0,0,0,0
노원시니어필라테스,확장,2026.09.21.,2,1,50,404,404,0,0,0,0,0,0,0,0
노원시니어필라테스,확장,2026.09.25.,1,0,0,0,0,0,0,0,0,0,0,0,0
노원시니어필라테스반,확장,2026.09.13.,2,0,0,0,0,0,0,0,0,0,0,0,0
노원시니어필라테스후기,확장,2026.09.21.,1,0,0,0,0,0,0,0,0,0,0,0,0
노원시니어할인,확장,2026.09.03.,1,0,0,0,0,0,0,0,0,0,0,0,0
노원시니어할인,확장,2026.09.06.,1,0,0,0,0,0,0,0,0,0,0,0,0
노원시니어헬스,확장,2026.09.22.,1,1,100,368,368,0,0,0,0,0,0,0,0
노원시립필라테스,확장,2026.09.20.,1,0,0,0,0,0,0,0,0,0,0,0,0
노원신규오픈,확장,2026.09.10.,2,0,0,0,0,0,0,0,0,0,0,0,0
노원아기랑,확장,2026.09.05.,14,0,0,0,0,0,0,0,0,0,0,0,0
노원아기랑,확장,2026.09.06.,7,0,0,0,0,0,0,0,0,0,0,0,0
노원아기랑,확장,2026.09.07.,8,0,0,0,0,0,0,0,0,0,0,0,0
노원아기랑,확장,2026.09.08.,2,0,0,0,0,0,0,0,0,0,0,0,0
노원아기랑,확장,2026.09.09.,1,0,0,0,0,0,0,0,0,0,0,0,0
노원아기랑,확장,2026.09.10.,3,0,0,0,0,0,0,0,0,0,0,0,0
노원아기랑,확장,2026.09.11.,4,0,0,0,0,0,0,0,0,0,0,0,0
노원아기랑,확장,2026.09.12.,5,0,0,0,0,0,0,0,0,0,0,0,0
노원아기랑,확장,2026.09.13.,12,0,0,0,0,0,0,0,0,0,0,0,0
노원아기랑,확장,2026.09.14.,4,0,0,0,0,0,0,0,0,0,0,0,0
노원아기랑,확장,2026.09.16.,1,0,0,0,0,0,0,0,0,0,0,0,0
노원아기랑주차,확장,2026.09.03.,1,0,0,0,0,0,0,0,0,0,0,0,0
노원아기랑체험,확장,2026.09.02.,1,0,0,0,0,0,0,0,0,0,0,0,0
노원아기랑체험,확장,2026.09.04.,1,0,0,0,0,0,0,0,0,0,0,0,0
노원아기랑체험,확장,2026.09.05.,1,0,0,0,0,0,0,0,0,0,0,0,0
노원아기랑체험,확장,2026.09.06.,1,0,0,0,0,0,0,0,0,0,0,0,0
노원아기랑체험,확장,2026.09.12.,1,0,0,0,0,0,0,0,0,0,0,0,0
노원아기랑체험,확장,2026.09.24.,1,0,0,0,0,0,0,0,0,0,0,0,0
노원아기랑필라테스,확장,2026.09.23.,1,0,0,0,0,0,0,0,0,0,0,0,0
노원아기역,확장,2026.09.23.,1,0,0,0,0,0,0,0,0,0,0,0,0
노원아기와,확장,2026.09.05.,1,0,0,0,0,0,0,0,0,0,0,0,0
노원아기와,확장,2026.09.08.,1,0,0,0,0,0,0,0,0,0,0,0,0
노원아기우동,확장,2026.09.06.,2,0,0,0,0,0,0,0,0,0,0,0,0
노원아기재활,확장,2026.09.10.,1,0,0,0,0,0,0,0,0,0,0,0,0
노원아기체험,확장,2026.09.13.,1,0,0,0,0,0,0,0,0,0,0,0,0
노원어린이,확장,2026.09.05.,3,0,0,0,0,0,0,0,0,0,0,0,0
노원어린이,확장,2026.09.06.,1,0,0,0,0,0,0,0,0,0,0,0,0
노원어린이,확장,2026.09.08.,1,0,0,0,0,0,0,0,0,0,0,0,0
노원어린이운동,확장,2026.09.05.,1,0,0,0,0,0,0,0,0,0,0,0,0
노원어린이체험,확장,2026.09.01.,2,0,0,0,0,0,0,0,0,0,0,0,0
노원어린이체험,확장,2026.09.02.,2,0,0,0,0,0,0,0,0,0,0,0,0
노원어린이체험,확장,2026.09.03.,3,0,0,0,0,0,0,0,0,0,0,0,0
노원어린이체험,확장,2026.09.04.,3,0,0,0,0,0,0,0,0,0,0,0,0
노원어린이체험,확장,2026.09.05.,1,0,0,0,0,0,0,0,0,0,0,0,0
노원어린이체험,확장,2026.09.22.,2,0,0,0,0,0,0,0,0,0,0,0,0
노원어린이체험,확장,2026.09.24.,1,0,0,0,0,0,0,0,0,0,0,0,0
노원어린이체험,확장,2026.09.25.,1,0,0,0,0,0,0,0,0,0,0,0,0
노원어린이필라테스,일치(유사검색어),2026.09.11.,1,0,0,0,0,0,0,0,0,0,0,0,0
노원엠코필라테스,확장,2026.09.24.,1,0,0,0,0,0,0,0,0,0,0,0,0
노원엠필라테스,일치,2026.09.18.,1,0,0,0,0,0,0,0,0,0,0,0,0
노원엠필라테스,확장,2026.09.05.,1,0,0,0,0,0,0,0,0,0,0,0,0
노원역+6번출구,확장,2026.09.16.,1,0,0,0,0,0,0,0,0,0,0,0,0
노원역+9번출구,확장,2026.09.22.,1,0,0,0,0,0,0,0,0,0,0,0,0
노원역+9번출구,확장,2026.09.23.,2,0,0,0,0,0,0,0,0,0,0,0,0
노원역+맛집,확장,2026.09.17.,1,0,0,0,0,0,0,0,0,0,0,0,0
노원역+맛집,확장,2026.09.20.,1,0,0,0,0,0,0,0,0,0,0,0,0
노원역+출구,확장,2026.09.17.,1,0,0,0,0,0,0,0,0,0,0,0,0
노원역+헬스장,확장,2026.09.14.,1,0,0,0,0,0,0,0,0,0,0,0,0
노원역+헬스장,확장,2026.09.15.,2,0,0,0,0,0,0,0,0,0,0,0,0
노원역+헬스장,확장,2026.09.16.,1,0,0,0,0,0,0,0,0,0,0,0,0
노원역.,확장,2026.09.02.,1,0,0,0,0,0,0,0,0,0,0,0,0
노원역10번출구,확장,2026.09.03.,1,0,0,0,0,0,0,0,0,0,0,0,0
노원역10번출구,확장,2026.09.17.,1,0,0,0,0,0,0,0,0,0,0,0,0
노원역10번출구,확장,2026.09.18.,1,0,0,0,0,0,0,0,0,0,0,0,0
노원역10번출구,확장,2026.09.22.,1,0,0,0,0,0,0,0,0,0,0,0,0
노원역10시오픈,확장,2026.09.08.,1,0,0,0,0,0,0,0,0,0,0,0,0
노원역11-210,확장,2026.09.22.,1,0,0,0,0,0,0,0,0,0,0,0,0
노원역11번출구,확장,2026.09.19.,1,0,0,0,0,0,0,0,0,0,0,0,0
노원역1번출구,확장,2026.09.08.,4,0,0,0,0,0,0,0,0,0,0,0,0
노원역24시,확장,2026.09.23.,1,0,0,0,0,0,0,0,0,0,0,0,0
노원역2번출구,확장,2026.09.02.,1,0,0,0,0,0,0,0,0,0,0,0,0
노원역2번출구,확장,2026.09.21.,4,0,0,0,0,0,0,0,0,0,0,0,0
노원역2번출구,확장,2026.09.23.,2,0,0,0,0,0,0,0,0,0,0,0,0
노원역3번출구,확장,2026.09.14.,1,0,0,0,0,0,0,0,0,0,0,0,0
노원역4,확장,2026.09.13.,1,0,0,0,0,0,0,0,0,0,0,0,0
노원역4번,확장,2026.09.11.,1,0,0,0,0,0,0,0,0,0,0,0,0
노원역5번출구,확장,2026.09.01.,1,0,0,0,0,0,0,0,0,0,0,0,0
노원역5번출구,확장,2026.09.02.,2,0,0,0,0,0,0,0,0,0,0,0,0
노원역5번출구,확장,2026.09.03.,3,0,0,0,0,0,0,0,0,0,0,0,0
노원역5번출구,확장,2026.09.04.,1,0,0,0,0,0,0,0,0,0,0,0,0
노원역5번출구,확장,2026.09.05.,1,0,0,0,0,0,0,0,0,0,0,0,0
노원역5번출구,확장,2026.09.07.,1,0,0,0,0,0,0,0,0,0,0,0,0
노원역5번출구,확장,2026.09.09.,1,0,0,0,0,0,0,0,0,0,0,0,0
노원역6번출구,확장,2026.09.22.,1,0,0,0,0,0,0,0,0,0,0,0,0
노원역6번출구,확장,2026.09.23.,1,0,0,0,0,0,0,0,0,0,0,0,0
노원역6번출구,확장,2026.09.24.,4,0,0,0,0,0,0,0,0,0,0,0,0
노원역6번출구,확장,2026.09.25.,1,0,0,0,0,0,0,0,0,0,0,0,0
노원역7번출구식당,확장,2026.09.23.,1,0,0,0,0,0,0,0,0,0,0,0,0
노원역7번출구카페,확장,2026.09.19.,1,0,0,0,0,0,0,0,0,0,0,0,0
노원역8번맛집,확장,2026.09.16.,1,0,0,0,0,0,0,0,0,0,0,0,0
노원역8번출구,확장,2026.09.10.,1,0,0,0,0,0,0,0,0,0,0,0,0
노원역8번출구,확장,2026.09.11.,1,0,0,0,0,0,0,0,0,0,0,0,0
노원역8번출구,확장,2026.09.14.,2,0,0,0,0,0,0,0,0,0,0,0,0
노원역8번출구,확장,2026.09.16.,1,0,0,0,0,0,0,0,0,0,0,0,0
노원역9번출구,확장,2026.09.09.,1,0,0,0,0,0,0,0,0,0,0,0,0
노원역9번출구,확장,2026.09.21.,22,0,0,0,0,0,0,0,0,0,0,0,0
노원역9번출구,확장,2026.09.23.,2,0,0,0,0,0,0,0,0,0,0,0,0
노원역9번출구,확장,2026.09.25.,3,0,0,0,0,0,0,0,0,0,0,0,0
노원역;24시,확장,2026.09.21.,1,0,0,0,0,0,0,0,0,0,0,0,0
노원역P,확장,2026.09.06.,1,0,0,0,0,0,0,0,0,0,0,0,0
노원역가족,확장,2026.09.18.,1,0,0,0,0,0,0,0,0,0,0,0,0
노원역가족,확장,2026.09.20.,1,0,0,0,0,0,0,0,0,0,0,0,0
노원역거리,확장,2026.09.18.,1,0,0,0,0,0,0,0,0,0,0,0,0
노원역거리,확장,2026.09.21.,1,0,0,0,0,0,0,0,0,0,0,0,0
노원역거리,확장,2026.09.23.,1,0,0,0,0,0,0,0,0,0,0,0,0
노원역거리,확장,2026.09.24.,1,0,0,0,0,0,0,0,0,0,0,0,0
노원역건물,확장,2026.09.12.,2,0,0,0,0,0,0,0,0,0,0,0,0
노원역게,확장,2026.09.17.,1,0,0,0,0,0,0,0,0,0,0,0,0
노원역곳,확장,2026.09.12.,1,0,0,0,0,0,0,0,0,0,0,0,0
노원역곳,확장,2026.09.13.,1,0,0,0,0,0,0,0,0,0,0,0,0
노원역그룹필라테스,확장,2026.09.07.,1,1,100,462,462,0,0,0,0,0,0,0,0
노원역그룹필라테스,확장,2026.09.10.,1,0,0,0,0,0,0,0,0,0,0,0,0
노원역그룹필라테스,확장,2026.09.21.,2,0,0,0,0,0,0,0,0,0,0,0,0
노원역그룹필라테스,확장,2026.09.25.,1,0,0,0,0,0,0,0,0,0,0,0,0
노원역그룹필라테스추천,확장,2026.09.21.,1,0,0,0,0,0,0,0,0,0,0,0,0
노원역근처,확장,2026.09.18.,1,0,0,0,0,0,0,0,0,0,0,0,0
노원역근처배스킨라빈스,확장,2026.09.18.,1,0,0,0,0,0,0,0,0,0,0,0,0
노원역근처요가&필라테스,확장,2026.09.02.,1,0,0,0,0,0,0,0,0,0,0,0,0
노원역근처필라테스,일치,2026.09.01.,6,0,0,0,0,0,0,0,0,0,0,0,0
노원역근처필라테스,일치(유사검색어),2026.09.01.,1,0,0,0,0,0,0,0,0,0,0,0,0
노원역근처필라테스추천,일치,2026.09.21.,1,0,0,0,0,0,0,0,0,0,0,0,0
노원역근처필라테스추천,확장,2026.09.21.,3,0,0,0,0,0,0,0,0,0,0,0,0
노원역금,확장,2026.09.10.,1,0,0,0,0,0,0,0,0,0,0,0,0
노원역금,확장,2026.09.22.,1,0,0,0,0,0,0,0,0,0,0,0,0
노원역금호스,확장,2026.09.24.,1,0,0,0,0,0,0,0,0,0,0,0,0
노원역기계우동,확장,2026.09.12.,1,0,0,0,0,0,0,0,0,0,0,0,0
노원역까페,확장,2026.09.12.,1,0,0,0,0,0,0,0,0,0,0,0,0
노원역까페,확장,2026.09.14.,2,0,0,0,0,0,0,0,0,0,0,0,0
노원역까페,확장,2026.09.15.,1,0,0,0,0,0,0,0,0,0,0,0,0
노원역까페,확장,2026.09.16.,1,0,0,0,0,0,0,0,0,0,0,0,0
노원역내돈내산,확장,2026.09.02.,1,0,0,0,0,0,0,0,0,0,0,0,0
노원역내돈내산,확장,2026.09.03.,1,0,0,0,0,0,0,0,0,0,0,0,0
노원역내돈내산,확장,2026.09.05.,1,0,0,0,0,0,0,0,0,0,0,0,0
노원역다인원,확장,2026.09.23.,1,0,0,0,0,0,0,0,0,0,0,0,0
노원역단체,확장,2026.09.06.,1,0,0,0,0,0,0,0,0,0,0,0,0
노원역단체맛집,확장,2026.09.10.,1,0,0,0,0,0,0,0,0,0,0,0,0
노원역단체맛집,확장,2026.09.11.,1,0,0,0,0,0,0,0,0,0,0,0,0
노원역단체맛집,확장,2026.09.12.,1,0,0,0,0,0,0,0,0,0,0,0,0
노원역단체맛집,확장,2026.09.16.,1,0,0,0,0,0,0,0,0,0,0,0,0
노원역단체사진관,확장,2026.09.12.,1,0,0,0,0,0,0,0,0,0,0,0,0
노원역당구레슨,확장,2026.09.17.,1,0,0,0,0,0,0,0,0,0,0,0,0
노원역데이트,확장,2026.09.16.,5,0,0,0,0,0,0,0,0,0,0,0,0
노원역데이트,확장,2026.09.17.,2,0,0,0,0,0,0,0,0,0,0,0,0
노원역두,확장,2026.09.25.,1,0,0,0,0,0,0,0,0,0,0,0,0
노원역디딤,확장,2026.09.09.,1,0,0,0,0,0,0,0,0,0,0,0,0
노원역락커,확장,2026.09.09.,1,0,0,0,0,0,0,0,0,0,0,0,0
노원역락커,확장,2026.09.20.,1,0,0,0,0,0,0,0,0,0,0,0,0
노원역로그,확장,2026.09.11.,1,0,0,0,0,0,0,0,0,0,0,0,0
노원역룸,확장,2026.09.11.,3,0,0,0,0,0,0,0,0,0,0,0,0
노원역룸식당,확장,2026.09.11.,1,0,0,0,0,0,0,0,0,0,0,0,0
노원역마음,확장,2026.09.20.,1,0,0,0,0,0,0,0,0,0,0,0,0
노원역맛집내돈내산,확장,2026.09.18.,1,0,0,0,0,0,0,0,0,0,0,0,0
노원역맛집내돈내산,확장,2026.09.19.,1,0,0,0,0,0,0,0,0,0,0,0,0
노원역맛집내돈내산,확장,2026.09.20.,1,0,0,0,0,0,0,0,0,0,0,0,0
노원역맛집우동,확장,2026.09.12.,1,0,0,0,0,0,0,0,0,0,0,0,0
노원역먹거리,확장,2026.09.15.,1,0,0,0,0,0,0,0,0,0,0,0,0
노원역문,확장,2026.09.11.,1,0,0,0,0,0,0,0,0,0,0,0,0
노원역발레필라테스,확장,2026.09.12.,1,0,0,0,0,0,0,0,0,0,0,0,0
노원역배스킨,확장,2026.09.10.,1,0,0,0,0,0,0,0,0,0,0,0,0
노원역배스킨,확장,2026.09.22.,1,0,0,0,0,0,0,0,0,0,0,0,0
노원역배스킨라빈스,확장,2026.09.06.,2,0,0,0,0,0,0,0,0,0,0,0,0
노원역배스킨라빈스,확장,2026.09.07.,5,0,0,0,0,0,0,0,0,0,0,0,0
노원역베스킨,확장,2026.09.16.,2,0,0,0,0,0,0,0,0,0,0,0,0
노원역베스킨라빈스,확장,2026.09.18.,1,0,0,0,0,0,0,0,0,0,0,0,0
노원역베스킨라빈스,확장,2026.09.20.,1,0,0,0,0,0,0,0,0,0,0,0,0
노원역복사,확장,2026.09.07.,1,0,0,0,0,0,0,0,0,0,0,0,0
노원역복사,확장,2026.09.14.,1,0,0,0,0,0,0,0,0,0,0,0,0
노원역복사,확장,2026.09.16.,1,0,0,0,0,0,0,0,0,0,0,0,0
노원역분위기,확장,2026.09.10.,2,0,0,0,0,0,0,0,0,0,0,0,0
노원역분위기,확장,2026.09.11.,2,0,0,0,0,0,0,0,0,0,0,0,0
노원역뷰카페,확장,2026.09.19.,1,0,0,0,0,0,0,0,0,0,0,0,0
노원역사진,확장,2026.09.02.,2,0,0,0,0,0,0,0,0,0,0,0,0
노원역사진,확장,2026.09.06.,1,0,0,0,0,0,0,0,0,0,0,0,0
노원역사진찍기,확장,2026.09.11.,1,0,0,0,0,0,0,0,0,0,0,0,0
노원역산부인,확장,2026.09.16.,1,0,0,0,0,0,0,0,0,0,0,0,0
노원역산후필라테스,확장,2026.09.20.,2,0,0,0,0,0,0,0,0,0,0,0,0
노원역새건물,확장,2026.09.05.,1,0,0,0,0,0,0,0,0,0,0,0,0
노원역새건물,확장,2026.09.06.,1,0,0,0,0,0,0,0,0,0,0,0,0
노원역새로,확장,2026.09.02.,1,0,0,0,0,0,0,0,0,0,0,0,0
노원역새로,확장,2026.09.12.,1,0,0,0,0,0,0,0,0,0,0,0,0
노원역새로,확장,2026.09.25.,1,0,0,0,0,0,0,0,0,0,0,0,0
노원역새로생긴,확장,2026.09.02.,1,0,0,0,0,0,0,0,0,0,0,0,0
노원역새로생긴PC방,확장,2026.09.05.,1,0,0,0,0,0,0,0,0,0,0,0,0
노원역새로생긴맛집,확장,2026.09.11.,1,0,0,0,0,0,0,0,0,0,0,0,0
노원역새로생긴집,확장,2026.09.11.,1,0,0,0,0,0,0,0,0,0,0,0,0
노원역새로생긴카페,확장,2026.09.12.,1,0,0,0,0,0,0,0,0,0,0,0,0
노원역새로오픈,확장,2026.09.05.,1,0,0,0,0,0,0,0,0,0,0,0,0
노원역새로오픈,확장,2026.09.06.,1,0,0,0,0,0,0,0,0,0,0,0,0
노원역새로오픈,확장,2026.09.07.,1,0,0,0,0,0,0,0,0,0,0,0,0
노원역새로오픈맛집,확장,2026.09.05.,1,0,0,0,0,0,0,0,0,0,0,0,0
노원역새로오픈맛집,확장,2026.09.07.,1,0,0,0,0,0,0,0,0,0,0,0,0
노원역새로오픈맛집,확장,2026.09.08.,1,0,0,0,0,0,0,0,0,0,0,0,0
노원역새로오픈술집,확장,2026.09.22.,1,0,0,0,0,0,0,0,0,0,0,0,0
노원역새로오픈식당,확장,2026.09.05.,1,0,0,0,0,0,0,0,0,0,0,0,0
노원역새로오픈식당,확장,2026.09.06.,1,0,0,0,0,0,0,0,0,0,0,0,0
노원역새로오픈음식점,확장,2026.09.04.,1,0,0,0,0,0,0,0,0,0,0,0,0
노원역새로오픈한,확장,2026.09.05.,1,0,0,0,0,0,0,0,0,0,0,0,0
노원역새로오픈한가게,확장,2026.09.09.,1,0,0,0,0,0,0,0,0,0,0,0,0
노원역새로오픈한맛집,확장,2026.09.06.,1,0,0,0,0,0,0,0,0,0,0,0,0
노원역새로오픈한맛집,확장,2026.09.07.,2,0,0,0,0,0,0,0,0,0,0,0,0
노원역새로오픈한술집,확장,2026.09.11.,2,0,0,0,0,0,0,0,0,0,0,0,0
노원역새로오픈한식당,확장,2026.09.03.,1,0,0,0,0,0,0,0,0,0,0,0,0
노원역새로오픈한식당,확장,2026.09.07.,1,0,0,0,0,0,0,0,0,0,0,0,0
노원역새로오픈한식당,확장,2026.09.09.,1,0,0,0,0,0,0,0,0,0,0,0,0
노원역새로오픈한집,확장,2026.09.11.,1,0,0,0,0,0,0,0,0,0,0,0,0
노원역새로필라테스,확장,2026.09.12.,1,0,0,0,0,0,0,0,0,0,0,0,0
노원역새로필라테스,확장,2026.09.21.,1,1,100,462,462,0,0,0,0,0,0,0,0
노원역새로필라테스,확장,2026.09.22.,1,1,100,462,462,0,0,0,0,0,0,0,0
노원역새벽필라테스,확장,2026.09.07.,1,0,0,0,0,0,0,0,0,0,0,0,0
노원역생선구이새로오픈,확장,2026.09.24.,1,0,0,0,0,0,0,0,0,0,0,0,0
노원역설명,확장,2026.09.10.,1,0,0,0,0,0,0,0,0,0,0,0,0
노원역세,확장,2026.09.22.,2,0,0,0,0,0,0,0,0,0,0,0,0
노원역세차,확장,2026.09.03.,1,0,0,0,0,0,0,0,0,0,0,0,0
노원역세차,확장,2026.09.19.,1,0,0,0,0,0,0,0,0,0,0,0,0
노원역수유리,확장,2026.09.07.,1,0,0,0,0,0,0,0,0,0,0,0,0
노원역수유리,확장,2026.09.25.,1,0,0,0,0,0,0,0,0,0,0,0,0
노원역스튜디오,확장,2026.09.25.,1,0,0,0,0,0,0,0,0,0,0,0,0
노원역시니어,확장,2026.09.07.,1,0,0,0,0,0,0,0,0,0,0,0,0
노원역시니어,확장,2026.09.12.,1,0,0,0,0,0,0,0,0,0,0,0,0
노원역시니어필라테스,확장,2026.09.14.,1,0,0,0,0,0,0,0,0,0,0,0,0
노원역시니어필라테스,확장,2026.09.21.,1,0,0,0,0,0,0,0,0,0,0,0,0
노원역신규맛집,확장,2026.09.18.,1,0,0,0,0,0,0,0,0,0,0,0,0
노원역신규맛집,확장,2026.09.20.,1,0,0,0,0,0,0,0,0,0,0,0,0
노원역신규오픈,확장,2026.09.13.,1,0,0,0,0,0,0,0,0,0,0,0,0
노원역신규오픈,확장,2026.09.15.,1,0,0,0,0,0,0,0,0,0,0,0,0
노원역실시간,확장,2026.09.09.,1,0,0,0,0,0,0,0,0,0,0,0,0
노원역아기,확장,2026.09.02.,2,0,0,0,0,0,0,0,0,0,0,0,0
노원역아기,확장,2026.09.06.,2,0,0,0,0,0,0,0,0,0,0,0,0
노원역아기,확장,2026.09.08.,1,0,0,0,0,0,0,0,0,0,0,0,0
노원역아기,확장,2026.09.21.,1,0,0,0,0,0,0,0,0,0,0,0,0
노원역아기랑,확장,2026.09.02.,2,0,0,0,0,0,0,0,0,0,0,0,0
노원역아기랑,확장,2026.09.03.,2,0,0,0,0,0,0,0,0,0,0,0,0
노원역아기랑,확장,2026.09.04.,2,0,0,0,0,0,0,0,0,0,0,0,0
노원역아기랑,확장,2026.09.05.,4,1,25,242,242,0,0,0,0,0,0,0,0
노원역아기랑,확장,2026.09.06.,2,0,0,0,0,0,0,0,0,0,0,0,0
노원역아기랑,확장,2026.09.07.,2,0,0,0,0,0,0,0,0,0,0,0,0
노원역아기랑,확장,2026.09.08.,1,0,0,0,0,0,0,0,0,0,0,0,0
노원역아기랑,확장,2026.09.09.,5,0,0,0,0,0,0,0,0,0,0,0,0
노원역아기랑,확장,2026.09.11.,2,0,0,0,0,0,0,0,0,0,0,0,0
노원역아기랑,확장,2026.09.12.,1,0,0,0,0,0,0,0,0,0,0,0,0
노원역아기랑,확장,2026.09.13.,1,0,0,0,0,0,0,0,0,0,0,0,0
노원역아기랑,확장,2026.09.15.,1,0,0,0,0,0,0,0,0,0,0,0,0
노원역아기랑,확장,2026.09.16.,2,0,0,0,0,0,0,0,0,0,0,0,0
노원역아기랑,확장,2026.09.18.,2,0,0,0,0,0,0,0,0,0,0,0,0
노원역아기랑,확장,2026.09.19.,3,0,0,0,0,0,0,0,0,0,0,0,0
노원역아기역,확장,2026.09.23.,1,0,0,0,0,0,0,0,0,0,0,0,0
노원역아기옷,확장,2026.09.24.,1,0,0,0,0,0,0,0,0,0,0,0,0
노원역아기와,확장,2026.09.03.,1,0,0,0,0,0,0,0,0,0,0,0,0
노원역아이랑,확장,2026.09.07.,1,0,0,0,0,0,0,0,0,0,0,0,0
노원역아이랑,확장,2026.09.20.,2,0,0,0,0,0,0,0,0,0,0,0,0
노원역아이랑체험,확장,2026.09.05.,1,0,0,0,0,0,0,0,0,0,0,0,0
노원역아이와체험,확장,2026.09.20.,1,0,0,0,0,0,0,0,0,0,0,0,0
노원역안내도,확장,2026.09.02.,1,0,0,0,0,0,0,0,0,0,0,0,0
노원역약국일요일,확장,2026.09.06.,1,0,0,0,0,0,0,0,0,0,0,0,0
노원역어깨,확장,2026.09.24.,1,0,0,0,0,0,0,0,0,0,0,0,0
노원역어린이,확장,2026.09.01.,1,0,0,0,0,0,0,0,0,0,0,0,0
노원역어린이,확장,2026.09.05.,1,0,0,0,0,0,0,0,0,0,0,0,0
노원역어린이,확장,2026.09.10.,1,0,0,0,0,0,0,0,0,0,0,0,0
노원역어린이체험,확장,2026.09.07.,1,0,0,0,0,0,0,0,0,0,0,0,0
노원역어린이체험,확장,2026.09.25.,1,0,0,0,0,0,0,0,0,0,0,0,0
노원역에새건물,확장,2026.09.25.,1,0,0,0,0,0,0,0,0,0,0,0,0
노원역역맛집,확장,2026.09.20.,2,0,0,0,0,0,0,0,0,0,0,0,0
노원역예쁨,확장,2026.09.16.,2,0,0,0,0,0,0,0,0,0,0,0,0
노원역오꼬,확장,2026.09.20.,2,0,0,0,0,0,0,0,0,0,0,0,0
노원역오꼬,확장,2026.09.21.,1,0,0,0,0,0,0,0,0,0,0,0,0
노원역오픈,확장,2026.09.02.,1,0,0,0,0,0,0,0,0,0,0,0,0
노원역오픈,확장,2026.09.06.,1,0,0,0,0,0,0,0,0,0,0,0,0
노원역오픈,확장,2026.09.08.,1,0,0,0,0,0,0,0,0,0,0,0,0
노원역오픈맛집,확장,2026.09.11.,1,0,0,0,0,0,0,0,0,0,0,0,0
노원역옷,확장,2026.09.11.,2,0,0,0,0,0,0,0,0,0,0,0,0
노원역옷,확장,2026.09.13.,1,0,0,0,0,0,0,0,0,0,0,0,0
노원역우동맛집,확장,2026.09.12.,2,0,0,0,0,0,0,0,0,0,0,0,0
노원역우동맛집,확장,2026.09.13.,1,0,0,0,0,0,0,0,0,0,0,0,0
노원역우동맛집,확장,2026.09.16.,1,0,0,0,0,0,0,0,0,0,0,0,0
노원역우동집,확장,2026.09.10.,1,0,0,0,0,0,0,0,0,0,0,0,0
노원역우동집,확장,2026.09.12.,2,0,0,0,0,0,0,0,0,0,0,0,0
노원역우동짜장,확장,2026.09.06.,1,0,0,0,0,0,0,0,0,0,0,0,0
노원역우동짜장,확장,2026.09.17.,1,0,0,0,0,0,0,0,0,0,0,0,0
노원역우동짜장,확장,2026.09.18.,1,0,0,0,0,0,0,0,0,0,0,0,0
노원역우동짜장,확장,2026.09.19.,1,0,0,0,0,0,0,0,0,0,0,0,0
노원역운동,일치,2026.09.01.,2,0,0,0,0,0,0,0,0,0,0,0,0
노원역운동,일치,2026.09.09.,2,0,0,0,0,0,0,0,0,0,0,0,0
노원역운동,일치,2026.09.13.,1,0,0,0,0,0,0,0,0,0,0,0,0
노원역운동,일치,2026.09.15.,1,0,0,0,0,0,0,0,0,0,0,0,0
노원역운동,일치,2026.09.16.,3,0,0,0,0,0,0,0,0,0,0,0,0
노원역운동,일치,2026.09.17.,2,0,0,0,0,0,0,0,0,0,0,0,0
노원역운동,일치,2026.09.19.,3,0,0,0,0,0,0,0,0,0,0,0,0
노원역운동,일치,2026.09.21.,3,0,0,0,0,0,0,0,0,0,0,0,0
노원역운동,일치,2026.09.23.,2,0,0,0,0,0,0,0,0,0,0,0,0
노원역운동,일치,2026.09.24.,2,0,0,0,0,0,0,0,0,0,0,0,0
노원역운동,확장,2026.09.07.,1,0,0,0,0,0,0,0,0,0,0,0,0
노원역운동,확장,2026.09.09.,2,0,0,0,0,0,0,0,0,0,0,0,0
노원역운동,확장,2026.09.16.,1,0,0,0,0,0,0,0,0,0,0,0,0
노원역운동,확장,2026.09.17.,3,0,0,0,0,0,0,0,0,0,0,0,0
노원역운동,확장,2026.09.18.,1,0,0,0,0,0,0,0,0,0,0,0,0
노원역운동,확장,2026.09.19.,1,0,0,0,0,0,0,0,0,0,0,0,0
노원역운동,확장,2026.09.21.,1,0,0,0,0,0,0,0,0,0,0,0,0
노원역운동,확장,2026.09.24.,1,0,0,0,0,0,0,0,0,0,0,0,0
노원역운동,확장,2026.09.25.,1,0,0,0,0,0,0,0,0,0,0,0,0
노원역운영중,확장,2026.09.20.,1,0,0,0,0,0,0,0,0,0,0,0,0
노원역월,확장,2026.09.25.,1,0,0,0,0,0,0,0,0,0,0,0,0
노원역위치,확장,2026.09.23.,1,0,0,0,0,0,0,0,0,0,0,0,0
노원역유아,확장,2026.09.06.,1,0,0,0,0,0,0,0,0,0,0,0,0
노원역의류,확장,2026.09.24.,1,0,0,0,0,0,0,0,0,0,0,0,0
노원역이미지,확장,2026.09.14.,1,0,0,0,0,0,0,0,0,0,0,0,0
노원역인스타카페,확장,2026.09.18.,2,0,0,0,0,0,0,0,0,0,0,0,0
노원역일요일영업,확장,2026.09.19.,1,0,0,0,0,0,0,0,0,0,0,0,0
노원역일요일주차,확장,2026.09.06.,1,0,0,0,0,0,0,0,0,0,0,0,0
노원역임산부운동,확장,2026.09.07.,1,0,0,0,0,0,0,0,0,0,0,0,0
노원역임산부운동,확장,2026.09.09.,1,0,0,0,0,0,0,0,0,0,0,0,0
노원역임산부필라테스,확장,2026.09.16.,1,0,0,0,0,0,0,0,0,0,0,0,0
노원역임산부필라테스,확장,2026.09.22.,1,0,0,0,0,0,0,0,0,0,0,0,0
노원역자세교정필라테스,확장,2026.09.21.,1,0,0,0,0,0,0,0,0,0,0,0,0
노원역재활필라테스,확장,2026.09.05.,1,0,0,0,0,0,0,0,0,0,0,0,0
노원역재활필라테스가격,확장,2026.09.12.,1,0,0,0,0,0,0,0,0,0,0,0,0
노원역전기,확장,2026.09.09.,1,0,0,0,0,0,0,0,0,0,0,0,0
노원역전기,확장,2026.09.10.,1,0,0,0,0,0,0,0,0,0,0,0,0
노원역전기,확장,2026.09.11.,1,0,0,0,0,0,0,0,0,0,0,0,0
노원역전기,확장,2026.09.13.,1,0,0,0,0,0,0,0,0,0,0,0,0
노원역전화,확장,2026.09.16.,1,0,0,0,0,0,0,0,0,0,0,0,0
노원역점,확장,2026.09.17.,1,0,0,0,0,0,0,0,0,0,0,0,0
노원역정정,확장,2026.09.20.,1,0,0,0,0,0,0,0,0,0,0,0,0
노원역주차,확장,2026.09.08.,1,0,0,0,0,0,0,0,0,0,0,0,0
노원역주차,확장,2026.09.09.,6,0,0,0,0,0,0,0,0,0,0,0,0
노원역주차,확장,2026.09.10.,1,0,0,0,0,0,0,0,0,0,0,0,0
노원역주차장,확장,2026.09.05.,1,0,0,0,0,0,0,0,0,0,0,0,0
노원역주차장,확장,2026.09.06.,1,0,0,0,0,0,0,0,0,0,0,0,0
노원역주차장,확장,2026.09.08.,1,0,0,0,0,0,0,0,0,0,0,0,0
노원역주차장,확장,2026.09.09.,17,0,0,0,0,0,0,0,0,0,0,0,0
노원역주차장,확장,2026.09.10.,1,0,0,0,0,0,0,0,0,0,0,0,0
노원역지도,확장,2026.09.02.,3,0,0,0,0,0,0,0,0,0,0,0,0
노원역지도,확장,2026.09.05.,4,0,0,0,0,0,0,0,0,0,0,0,0
노원역지도,확장,2026.09.06.,2,0,0,0,0,0,0,0,0,0,0,0,0
노원역지도,확장,2026.09.07.,1,0,0,0,0,0,0,0,0,0,0,0,0
노원역지도,확장,2026.09.08.,2,0,0,0,0,0,0,0,0,0,0,0,0
노원역지도,확장,2026.09.09.,1,0,0,0,0,0,0,0,0,0,0,0,0
노원역지도,확장,2026.09.10.,1,0,0,0,0,0,0,0,0,0,0,0,0
노원역체험,확장,2026.09.02.,1,0,0,0,0,0,0,0,0,0,0,0,0
노원역체험,확장,2026.09.03.,2,0,0,0,0,0,0,0,0,0,0,0,0
노원역체험,확장,2026.09.05.,1,0,0,0,0,0,0,0,0,0,0,0,0
노원역체험,확장,2026.09.12.,1,0,0,0,0,0,0,0,0,0,0,0,0
노원역체험,확장,2026.09.18.,1,0,0,0,0,0,0,0,0,0,0,0,0
노원역체험,확장,2026.09.20.,1,0,0,0,0,0,0,0,0,0,0,0,0
노원역추석,확장,2026.09.08.,1,0,0,0,0,0,0,0,0,0,0,0,0
노원역추석,확장,2026.09.17.,1,0,0,0,0,0,0,0,0,0,0,0,0
노원역추석,확장,2026.09.22.,1,0,0,0,0,0,0,0,0,0,0,0,0
노원역추석,확장,2026.09.23.,1,0,0,0,0,0,0,0,0,0,0,0,0
노원역추석,확장,2026.09.24.,3,0,0,0,0,0,0,0,0,0,0,0,0
노원역추석,확장,2026.09.25.,2,0,0,0,0,0,0,0,0,0,0,0,0
노원역추석맛집,확장,2026.09.16.,1,0,0,0,0,0,0,0,0,0,0,0,0
노원역추석영업,확장,2026.09.25.,1,0,0,0,0,0,0,0,0,0,0,0,0
노원역추천장소,확장,2026.09.21.,1,0,0,0,0,0,0,0,0,0,0,0,0
노원역출구,확장,2026.09.02.,1,0,0,0,0,0,0,0,0,0,0,0,0
노원역출구,확장,2026.09.03.,1,0,0,0,0,0,0,0,0,0,0,0,0
노원역출구,확장,2026.09.07.,1,0,0,0,0,0,0,0,0,0,0,0,0
노원역출구,확장,2026.09.08.,3,0,0,0,0,0,0,0,0,0,0,0,0
노원역출구,확장,2026.09.09.,1,0,0,0,0,0,0,0,0,0,0,0,0
노원역출발,확장,2026.09.09.,1,0,0,0,0,0,0,0,0,0,0,0,0
노원역출발,확장,2026.09.19.,1,0,0,0,0,0,0,0,0,0,0,0,0
노원역친구랑,확장,2026.09.18.,1,0,0,0,0,0,0,0,0,0,0,0,0
노원역카페,확장,2026.09.09.,22,0,0,0,0,0,0,0,0,0,0,0,0
노원역카페,확장,2026.09.10.,13,0,0,0,0,0,0,0,0,0,0,0,0
노원역카페새로생긴,확장,2026.09.24.,1,0,0,0,0,0,0,0,0,0,0,0,0
노원역쾌적한,확장,2026.09.24.,1,0,0,0,0,0,0,0,0,0,0,0,0
노원역키즈,확장,2026.09.08.,2,0,0,0,0,0,0,0,0,0,0,0,0
노원역키즈,확장,2026.09.09.,1,0,0,0,0,0,0,0,0,0,0,0,0
노원역키즈,확장,2026.09.11.,1,0,0,0,0,0,0,0,0,0,0,0,0
노원역키즈,확장,2026.09.22.,1,0,0,0,0,0,0,0,0,0,0,0,0
노원역키즈,확장,2026.09.24.,1,0,0,0,0,0,0,0,0,0,0,0,0
노원역타이어,확장,2026.09.05.,1,0,0,0,0,0,0,0,0,0,0,0,0
노원역타이어,확장,2026.09.13.,2,0,0,0,0,0,0,0,0,0,0,0,0
노원역테니스레슨,확장,2026.09.22.,1,0,0,0,0,0,0,0,0,0,0,0,0
노원역테니스레슨,확장,2026.09.25.,1,0,0,0,0,0,0,0,0,0,0,0,0
노원역플레이스,확장,2026.09.18.,1,0,0,0,0,0,0,0,0,0,0,0,0
노원역필라테스,일치,2026.09.01.,69,4,5.8,894,3577,0,0,0,0,0,0,0,0
노원역필라테스,일치,2026.09.02.,32,0,0,0,0,0,0,0,0,0,0,0,0
노원역필라테스,일치,2026.09.03.,19,1,5.26,939,939,0,0,0,0,0,0,0,0
노원역필라테스,일치,2026.09.04.,13,2,15.38,791,1582,0,0,0,0,0,0,0,0
노원역필라테스,일치,2026.09.05.,8,1,12.5,1027,1027,0,0,0,0,0,0,0,0
노원역필라테스,일치,2026.09.06.,11,2,18.18,582,1164,0,0,0,0,0,0,0,0
노원역필라테스,일치,2026.09.07.,53,4,7.55,820,3278,0,0,0,0,0,0,0,0
노원역필라테스,일치,2026.09.08.,17,1,5.88,301,301,0,0,0,0,0,0,0,0
노원역필라테스,일치,2026.09.09.,34,1,2.94,1609,1609,0,0,0,0,0,0,0,0
노원역필라테스,일치,2026.09.10.,27,0,0,0,0,0,0,0,0,0,0,0,0
노원역필라테스,일치,2026.09.11.,16,0,0,0,0,0,0,0,0,0,0,0,0
노원역필라테스,일치,2026.09.12.,8,3,37.5,1179,3538,0,0,0,0,0,0,0,0
노원역필라테스,일치,2026.09.13.,16,3,18.75,741,2224,0,0,0,0,0,0,0,0
노원역필라테스,일치,2026.09.14.,28,3,10.71,1594,4781,0,0,0,0,0,0,0,0
노원역필라테스,일치,2026.09.15.,23,2,8.7,1045,2090,0,0,0,0,0,0,0,0
노원역필라테스,일치,2026.09.16.,44,2,4.55,810,1619,0,0,0,0,0,0,0,0
노원역필라테스,일치,2026.09.17.,42,3,7.14,1612,4837,0,0,0,0,0,0,0,0
노원역필라테스,일치,2026.09.18.,24,3,12.5,1215,3646,0,0,0,0,0,0,0,0
노원역필라테스,일치,2026.09.19.,29,1,3.45,1658,1658,0,0,0,0,0,0,0,0
노원역필라테스,일치,2026.09.20.,47,0,0,0,0,0,0,0,0,0,0,0,0
노원역필라테스,일치,2026.09.21.,34,1,2.94,1683,1683,0,0,0,0,0,0,0,0
노원역필라테스,일치,2026.09.22.,38,4,10.53,1251,5006,0,0,0,0,0,0,0,0
노원역필라테스,일치,2026.09.23.,19,0,0,0,0,0,0,0,0,0,0,0,0
노원역필라테스,일치,2026.09.24.,44,2,4.55,1065,2129,0,0,0,0,0,0,0,0
노원역필라테스,일치,2026.09.25.,33,4,12.12,1508,6030,0,0,0,0,0,0,0,0
노원역필라테스6시,확장,2026.09.21.,1,0,0,0,0,0,0,0,0,0,0,0,0
노원역필라테스마라탕,확장,2026.09.07.,1,0,0,0,0,0,0,0,0,0,0,0,0
노원역필라테스새벽반,확장,2026.09.07.,1,0,0,0,0,0,0,0,0,0,0,0,0
노원역필라테스안,확장,2026.09.23.,1,0,0,0,0,0,0,0,0,0,0,0,0
노원역필라테스자세교정,확장,2026.09.25.,2,0,0,0,0,0,0,0,0,0,0,0,0
노원역필라테스정원,확장,2026.09.15.,1,0,0,0,0,0,0,0,0,0,0,0,0
노원역할인,확장,2026.09.05.,1,0,0,0,0,0,0,0,0,0,0,0,0
노원역행사,확장,2026.09.05.,1,0,0,0,0,0,0,0,0,0,0,0,0
노원역헬스,확장,2026.09.11.,6,0,0,0,0,0,0,0,0,0,0,0,0
노원역헬스,확장,2026.09.12.,1,0,0,0,0,0,0,0,0,0,0,0,0
노원역헬스,확장,2026.09.14.,3,0,0,0,0,0,0,0,0,0,0,0,0
노원역헬스,확장,2026.09.15.,3,0,0,0,0,0,0,0,0,0,0,0,0
노원역헬스,확장,2026.09.16.,2,0,0,0,0,0,0,0,0,0,0,0,0
노원역헬스,확장,2026.09.17.,2,0,0,0,0,0,0,0,0,0,0,0,0
노원역헬스장필라테스,확장,2026.09.14.,1,0,0,0,0,0,0,0,0,0,0,0,0
노원역혼자,확장,2026.09.22.,1,0,0,0,0,0,0,0,0,0,0,0,0
노원역회집새로오픈,확장,2026.09.15.,1,0,0,0,0,0,0,0,0,0,0,0,0
노원역힐링,확장,2026.09.12.,1,0,0,0,0,0,0,0,0,0,0,0,0
노원역힐링공간,확장,2026.09.22.,1,0,0,0,0,0,0,0,0,0,0,0,0
노원오미자새로,확장,2026.09.11.,1,0,0,0,0,0,0,0,0,0,0,0,0
노원오브필라테스,확장,2026.09.13.,1,0,0,0,0,0,0,0,0,0,0,0,0
노원오프닝필라테스,확장,2026.09.13.,1,0,0,0,0,0,0,0,0,0,0,0,0
노원오프닝필라테스,확장,2026.09.14.,3,0,0,0,0,0,0,0,0,0,0,0,0
노원오프닝필라테스,확장,2026.09.24.,1,0,0,0,0,0,0,0,0,0,0,0,0
노원오픈,확장,2026.09.01.,1,0,0,0,0,0,0,0,0,0,0,0,0
노원오픈,확장,2026.09.04.,1,0,0,0,0,0,0,0,0,0,0,0,0
노원오픈,확장,2026.09.09.,1,0,0,0,0,0,0,0,0,0,0,0,0
노원와우필라테스비추첰,확장,2026.09.22.,1,0,0,0,0,0,0,0,0,0,0,0,0
노원우동,확장,2026.09.06.,7,0,0,0,0,0,0,0,0,0,0,0,0
노원우동,확장,2026.09.07.,3,0,0,0,0,0,0,0,0,0,0,0,0
노원우동,확장,2026.09.08.,7,0,0,0,0,0,0,0,0,0,0,0,0
노원우동,확장,2026.09.09.,2,0,0,0,0,0,0,0,0,0,0,0,0
노원우동전문,확장,2026.09.20.,1,0,0,0,0,0,0,0,0,0,0,0,0
노원운동,일치,2026.09.02.,3,0,0,0,0,0,0,0,0,0,0,0,0
노원운동,일치,2026.09.03.,2,1,50,1354,1354,0,0,0,0,0,0,0,0
노원운동,일치,2026.09.08.,4,1,25,1355,1355,0,0,0,0,0,0,0,0
노원운동,일치,2026.09.09.,4,0,0,0,0,0,0,0,0,0,0,0,0
노원운동,일치,2026.09.12.,1,0,0,0,0,0,0,0,0,0,0,0,0
노원운동,일치,2026.09.15.,1,0,0,0,0,0,0,0,0,0,0,0,0
노원운동,일치,2026.09.20.,4,0,0,0,0,0,0,0,0,0,0,0,0
노원운동,일치,2026.09.21.,3,0,0,0,0,0,0,0,0,0,0,0,0
노원운동,일치,2026.09.22.,2,1,50,1760,1760,0,0,0,0,0,0,0,0
노원운동,일치,2026.09.25.,1,0,0,0,0,0,0,0,0,0,0,0,0
노원월계필라테스,확장,2026.09.07.,1,0,0,0,0,0,0,0,0,0,0,0,0
노원유아체험,확장,2026.09.02.,1,0,0,0,0,0,0,0,0,0,0,0,0
노원유아체험,확장,2026.09.09.,1,0,0,0,0,0,0,0,0,0,0,0,0
노원유아체험,확장,2026.09.25.,1,0,0,0,0,0,0,0,0,0,0,0,0
노원이나핏필라테스,확장,2026.09.17.,1,0,0,0,0,0,0,0,0,0,0,0,0
노원인스타카페,확장,2026.09.18.,3,0,0,0,0,0,0,0,0,0,0,0,0
노원임산부운동,확장,2026.09.06.,1,0,0,0,0,0,0,0,0,0,0,0,0
노원임산부운동,확장,2026.09.17.,1,0,0,0,0,0,0,0,0,0,0,0,0
노원임산부운동,확장,2026.09.22.,1,0,0,0,0,0,0,0,0,0,0,0,0
노원임산부체험,확장,2026.09.22.,1,0,0,0,0,0,0,0,0,0,0,0,0
노원임산부필라테스,확장,2026.09.06.,1,0,0,0,0,0,0,0,0,0,0,0,0
노원임산부필라테스,확장,2026.09.09.,2,0,0,0,0,0,0,0,0,0,0,0,0
노원임산부필라테스,확장,2026.09.10.,1,0,0,0,0,0,0,0,0,0,0,0,0
노원임산부필라테스,확장,2026.09.11.,1,0,0,0,0,0,0,0,0,0,0,0,0
노원임산부필라테스,확장,2026.09.13.,2,0,0,0,0,0,0,0,0,0,0,0,0
노원임산부필라테스,확장,2026.09.14.,2,0,0,0,0,0,0,0,0,0,0,0,0
노원임산부필라테스,확장,2026.09.15.,1,0,0,0,0,0,0,0,0,0,0,0,0
노원임산부필라테스,확장,2026.09.16.,1,0,0,0,0,0,0,0,0,0,0,0,0
노원임산부필라테스,확장,2026.09.17.,3,0,0,0,0,0,0,0,0,0,0,0,0
노원임산부필라테스,확장,2026.09.20.,1,0,0,0,0,0,0,0,0,0,0,0,0
노원임산부필라테스,확장,2026.09.22.,1,0,0,0,0,0,0,0,0,0,0,0,0
노원임산부필라테스,확장,2026.09.24.,1,0,0,0,0,0,0,0,0,0,0,0,0
노원자세교정필라테스,확장,2026.09.21.,1,0,0,0,0,0,0,0,0,0,0,0,0
노원재오픈,확장,2026.09.09.,1,0,0,0,0,0,0,0,0,0,0,0,0
노원재활필라테스,확장,2026.09.11.,1,0,0,0,0,0,0,0,0,0,0,0,0
노원재활필라테스,확장,2026.09.16.,1,0,0,0,0,0,0,0,0,0,0,0,0
노원재활필라테스,확장,2026.09.19.,1,0,0,0,0,0,0,0,0,0,0,0,0
노원재활필라테스,확장,2026.09.23.,1,0,0,0,0,0,0,0,0,0,0,0,0
노원재활필라테스가격,확장,2026.09.12.,1,1,100,462,462,0,0,0,0,0,0,0,0
노원정원필라테스,확장,2026.09.21.,3,0,0,0,0,0,0,0,0,0,0,0,0
노원주말필라테스,확장,2026.09.20.,1,0,0,0,0,0,0,0,0,0,0,0,0
노원체인지필라테스,확장,2026.09.08.,1,0,0,0,0,0,0,0,0,0,0,0,0
노원체인지필라테스,확장,2026.09.14.,1,0,0,0,0,0,0,0,0,0,0,0,0
노원체인지필라테스,확장,2026.09.25.,1,0,0,0,0,0,0,0,0,0,0,0,0
노원체험,확장,2026.09.05.,1,0,0,0,0,0,0,0,0,0,0,0,0
노원체험,확장,2026.09.21.,4,0,0,0,0,0,0,0,0,0,0,0,0
노원체험,확장,2026.09.22.,2,0,0,0,0,0,0,0,0,0,0,0,0
노원체험키즈,확장,2026.09.03.,1,0,0,0,0,0,0,0,0,0,0,0,0
노원추석영업,확장,2026.09.20.,1,0,0,0,0,0,0,0,0,0,0,0,0
노원추석전,확장,2026.09.16.,1,0,0,0,0,0,0,0,0,0,0,0,0
노원추석필라테스,확장,2026.09.20.,1,0,0,0,0,0,0,0,0,0,0,0,0
노원추석행사,확장,2026.09.20.,1,0,0,0,0,0,0,0,0,0,0,0,0
노원카페뷰,확장,2026.09.19.,1,0,0,0,0,0,0,0,0,0,0,0,0
노원키즈,확장,2026.09.04.,2,0,0,0,0,0,0,0,0,0,0,0,0
노원키즈,확장,2026.09.05.,10,0,0,0,0,0,0,0,0,0,0,0,0
노원키즈,확장,2026.09.06.,5,0,0,0,0,0,0,0,0,0,0,0,0
노원키즈,확장,2026.09.16.,1,0,0,0,0,0,0,0,0,0,0,0,0
노원키즈니,확장,2026.09.07.,1,0,0,0,0,0,0,0,0,0,0,0,0
노원키즈체험,확장,2026.09.05.,1,0,0,0,0,0,0,0,0,0,0,0,0
노원키즈체험,확장,2026.09.11.,1,0,0,0,0,0,0,0,0,0,0,0,0
노원키즈체험,확장,2026.09.14.,2,0,0,0,0,0,0,0,0,0,0,0,0
노원키즈체험,확장,2026.09.25.,2,0,0,0,0,0,0,0,0,0,0,0,0
노원키즈카페새로오픈,확장,2026.09.09.,1,0,0,0,0,0,0,0,0,0,0,0,0
노원키즈프로그램,확장,2026.09.12.,1,0,0,0,0,0,0,0,0,0,0,0,0
노원키즈필라테스,일치,2026.09.02.,1,0,0,0,0,0,0,0,0,0,0,0,0
노원키즈필라테스,일치,2026.09.12.,1,0,0,0,0,0,0,0,0,0,0,0,0
노원키즈필라테스,확장,2026.09.19.,1,0,0,0,0,0,0,0,0,0,0,0,0
노원테니스레슨,확장,2026.09.03.,2,0,0,0,0,0,0,0,0,0,0,0,0
노원필라테스,일치,2026.09.01.,8,0,0,0,0,0,0,0,0,0,0,0,0
노원필라테스,일치,2026.09.02.,19,2,10.53,1196,2391,0,0,0,0,0,0,0,0
노원필라테스,일치,2026.09.03.,11,1,9.09,1203,1203,0,0,0,0,0,0,0,0
노원필라테스,일치,2026.09.04.,4,0,0,0,0,0,0,0,0,0,0,0,0
노원필라테스,일치,2026.09.05.,8,1,12.5,953,953,0,0,0,0,0,0,0,0
노원필라테스,일치,2026.09.06.,17,2,11.76,1339,2679,0,0,0,0,0,0,0,0
노원필라테스,일치,2026.09.07.,16,3,18.75,1223,3668,0,0,0,0,0,0,0,0
노원필라테스,일치,2026.09.08.,11,0,0,0,0,0,0,0,0,0,0,0,0
노원필라테스,일치,2026.09.09.,22,1,4.55,1534,1534,0,0,0,0,0,0,0,0
노원필라테스,일치,2026.09.10.,17,3,17.65,1588,4764,0,0,0,0,0,0,0,0
노원필라테스,일치,2026.09.11.,16,2,12.5,1640,3279,0,0,0,0,0,0,0,0
노원필라테스,일치,2026.09.12.,12,2,16.67,1728,3456,0,0,0,0,0,0,0,0
노원필라테스,일치,2026.09.13.,9,0,0,0,0,0,0,0,0,0,0,0,0
노원필라테스,일치,2026.09.14.,16,2,12.5,1664,3328,0,0,0,0,0,0,0,0
노원필라테스,일치,2026.09.15.,23,3,13.04,1570,4710,0,0,0,0,0,0,0,0
노원필라테스,일치,2026.09.16.,23,3,13.04,1491,4473,0,0,0,0,0,0,0,0
노원필라테스,일치,2026.09.17.,19,3,15.79,1587,4762,0,0,0,0,0,0,0,0
노원필라테스,일치,2026.09.18.,19,2,10.53,1666,3333,0,0,0,0,0,0,0,0
노원필라테스,일치,2026.09.19.,18,0,0,0,0,0,0,0,0,0,0,0,0
노원필라테스,일치,2026.09.20.,21,1,4.76,1760,1760,0,0,0,0,0,0,0,0
노원필라테스,일치,2026.09.21.,19,1,5.26,1631,1631,0,0,0,0,0,0,0,0
노원필라테스,일치,2026.09.22.,29,3,10.34,1385,4156,0,0,0,0,0,0,0,0
노원필라테스,일치,2026.09.23.,28,1,3.57,1571,1571,0,0,0,0,0,0,0,0
노원필라테스,일치,2026.09.24.,16,2,12.5,1716,3433,0,0,0,0,0,0,0,0
노원필라테스,일치,2026.09.25.,9,1,11.11,1451,1451,0,0,0,0,0,0,0,0
노원필라테스1:1,확장,2026.09.20.,1,0,0,0,0,0,0,0,0,0,0,0,0
노원필라테스2:1,확장,2026.09.03.,1,0,0,0,0,0,0,0,0,0,0,0,0
노원필라테스가격,확장,2026.09.02.,3,0,0,0,0,0,0,0,0,0,0,0,0
노원필라테스가격,확장,2026.09.03.,1,0,0,0,0,0,0,0,0,0,0,0,0
노원필라테스가격,확장,2026.09.11.,1,0,0,0,0,0,0,0,0,0,0,0,0
노원필라테스가격,확장,2026.09.12.,1,0,0,0,0,0,0,0,0,0,0,0,0
노원필라테스가격,확장,2026.09.14.,2,0,0,0,0,0,0,0,0,0,0,0,0
노원필라테스가격,확장,2026.09.21.,1,0,0,0,0,0,0,0,0,0,0,0,0
노원필라테스가격,확장,2026.09.24.,1,0,0,0,0,0,0,0,0,0,0,0,0
노원필라테스강사,확장,2026.09.19.,1,0,0,0,0,0,0,0,0,0,0,0,0
노원필라테스고요,확장,2026.09.08.,1,0,0,0,0,0,0,0,0,0,0,0,0
노원필라테스그룹,확장,2026.09.21.,1,0,0,0,0,0,0,0,0,0,0,0,0
노원필라테스그룹레슨,확장,2026.09.19.,1,0,0,0,0,0,0,0,0,0,0,0,0
노원필라테스내돈내산,확장,2026.09.10.,3,0,0,0,0,0,0,0,0,0,0,0,0
노원필라테스노인,확장,2026.09.24.,1,0,0,0,0,0,0,0,0,0,0,0,0
노원필라테스비용,확장,2026.09.19.,1,0,0,0,0,0,0,0,0,0,0,0,0
노원필라테스샤워,확장,2026.09.10.,1,0,0,0,0,0,0,0,0,0,0,0,0
노원필라테스샵가격,확장,2026.09.17.,1,0,0,0,0,0,0,0,0,0,0,0,0
노원필라테스숲,확장,2026.09.17.,3,0,0,0,0,0,0,0,0,0,0,0,0
노원필라테스시니어,확장,2026.09.03.,1,1,100,415,415,0,0,0,0,0,0,0,0
노원필라테스시니어,확장,2026.09.04.,1,0,0,0,0,0,0,0,0,0,0,0,0
노원필라테스안,확장,2026.09.10.,1,0,0,0,0,0,0,0,0,0,0,0,0
노원필라테스안,확장,2026.09.23.,1,0,0,0,0,0,0,0,0,0,0,0,0
노원필라테스안,확장,2026.09.25.,2,0,0,0,0,0,0,0,0,0,0,0,0
노원필라테스에비뉴,확장,2026.09.08.,1,0,0,0,0,0,0,0,0,0,0,0,0
노원필라테스에비뉴위치,확장,2026.09.13.,1,0,0,0,0,0,0,0,0,0,0,0,0
노원필라테스연습실,확장,2026.09.16.,1,0,0,0,0,0,0,0,0,0,0,0,0
노원필라테스오픈,확장,2026.09.15.,3,1,33.33,715,715,0,0,0,0,0,0,0,0
노원필라테스옷,확장,2026.09.14.,1,0,0,0,0,0,0,0,0,0,0,0,0
노원필라테스원장,확장,2026.09.17.,1,0,0,0,0,0,0,0,0,0,0,0,0
노원필라테스인,확장,2026.09.03.,3,0,0,0,0,0,0,0,0,0,0,0,0
노원필라테스인,확장,2026.09.21.,1,0,0,0,0,0,0,0,0,0,0,0,0
노원필라테스인,확장,2026.09.22.,2,0,0,0,0,0,0,0,0,0,0,0,0
노원필라테스자격증,확장,2026.09.14.,2,0,0,0,0,0,0,0,0,0,0,0,0
노원필라테스재활,확장,2026.09.19.,1,0,0,0,0,0,0,0,0,0,0,0,0
노원필라테스전문,확장,2026.09.18.,1,0,0,0,0,0,0,0,0,0,0,0,0
노원필라테스정원,확장,2026.09.10.,1,0,0,0,0,0,0,0,0,0,0,0,0
노원필라테스정원,확장,2026.09.17.,2,0,0,0,0,0,0,0,0,0,0,0,0
노원필라테스정원,확장,2026.09.22.,1,0,0,0,0,0,0,0,0,0,0,0,0
노원필라테스정원,확장,2026.09.24.,1,0,0,0,0,0,0,0,0,0,0,0,0
노원필라테스정원,확장,2026.09.25.,1,0,0,0,0,0,0,0,0,0,0,0,0
노원필라테스정원내돈내산,확장,2026.09.24.,1,0,0,0,0,0,0,0,0,0,0,0,0
노원필라테스체험,확장,2026.09.17.,1,0,0,0,0,0,0,0,0,0,0,0,0
노원필라테스최근오픈,확장,2026.09.15.,1,0,0,0,0,0,0,0,0,0,0,0,0
노원필라테스추천,확장,2026.09.10.,1,0,0,0,0,0,0,0,0,0,0,0,0
노원필라테스케이,확장,2026.09.07.,1,0,0,0,0,0,0,0,0,0,0,0,0
노원필라테스케이,확장,2026.09.10.,1,0,0,0,0,0,0,0,0,0,0,0,0
노원필라테스힐링정원내돈내산,확장,2026.09.24.,1,0,0,0,0,0,0,0,0,0,0,0,0
노원필라텟,확장,2026.09.18.,1,0,0,0,0,0,0,0,0,0,0,0,0
노원하계동필라테스,확장,2026.09.17.,1,0,0,0,0,0,0,0,0,0,0,0,0
노원헬스필라테스,확장,2026.09.15.,1,0,0,0,0,0,0,0,0,0,0,0,0
노원힐링장소,확장,2026.09.16.,1,0,0,0,0,0,0,0,0,0,0,0,0
노원힐링체험,확장,2026.09.12.,1,0,0,0,0,0,0,0,0,0,0,0,0
노해로노원필라테스,확장,2026.09.18.,1,0,0,0,0,0,0,0,0,0,0,0,0
노해로필라테스,확장,2026.09.18.,2,0,0,0,0,0,0,0,0,0,0,0,0
늘필라테스,일치,2026.09.14.,1,0,0,0,0,0,0,0,0,0,0,0,0
단체필라테스칼로리,확장,2026.09.22.,1,0,0,0,0,0,0,0,0,0,0,0,0
달필라테스,일치,2026.09.22.,1,0,0,0,0,0,0,0,0,0,0,0,0
당산역필라테스6:1,확장,2026.09.06.,1,0,0,0,0,0,0,0,0,0,0,0,0
데크트노원,확장,2026.09.18.,1,0,0,0,0,0,0,0,0,0,0,0,0
동진스포츠,일치,2026.09.23.,1,0,0,0,0,0,0,0,0,0,0,0,0
동탄필라테스새로오픈,확장,2026.09.15.,1,0,0,0,0,0,0,0,0,0,0,0,0
디자인새로노원,확장,2026.09.17.,1,0,0,0,0,0,0,0,0,0,0,0,0
라이프스포츠,일치,2026.09.23.,1,0,0,0,0,0,0,0,0,0,0,0,0
라임필라테스,일치,2026.09.22.,2,0,0,0,0,0,0,0,0,0,0,0,0
린필라테스노원,확장,2026.09.02.,1,0,0,0,0,0,0,0,0,0,0,0,0
마들역운동,일치,2026.09.02.,3,0,0,0,0,0,0,0,0,0,0,0,0
마들역운동,일치,2026.09.08.,1,0,0,0,0,0,0,0,0,0,0,0,0
마들역운동,일치,2026.09.09.,1,0,0,0,0,0,0,0,0,0,0,0,0
마들역운동,일치,2026.09.12.,1,0,0,0,0,0,0,0,0,0,0,0,0
마들역운동,일치,2026.09.15.,2,0,0,0,0,0,0,0,0,0,0,0,0
마들역운동,일치,2026.09.16.,1,0,0,0,0,0,0,0,0,0,0,0,0
마들역운동,일치,2026.09.17.,1,0,0,0,0,0,0,0,0,0,0,0,0
마들역운동,일치,2026.09.20.,1,0,0,0,0,0,0,0,0,0,0,0,0
마들역운동,일치,2026.09.25.,2,0,0,0,0,0,0,0,0,0,0,0,0
마들역필라테스,일치,2026.09.01.,21,0,0,0,0,0,0,0,0,0,0,0,0
마들역필라테스,일치,2026.09.02.,19,2,10.53,1115,2230,0,0,0,0,0,0,0,0
마들역필라테스,일치,2026.09.03.,1,0,0,0,0,0,0,0,0,0,0,0,0
마들역필라테스,일치,2026.09.04.,2,1,50,1430,1430,0,0,0,0,0,0,0,0
마들역필라테스,일치,2026.09.05.,4,0,0,0,0,0,0,0,0,0,0,0,0
마들역필라테스,일치,2026.09.06.,2,0,0,0,0,0,0,0,0,0,0,0,0
마들역필라테스,일치,2026.09.07.,7,1,14.29,1390,1390,0,0,0,0,0,0,0,0
마들역필라테스,일치,2026.09.08.,9,0,0,0,0,0,0,0,0,0,0,0,0
마들역필라테스,일치,2026.09.09.,20,0,0,0,0,0,0,0,0,0,0,0,0
마들역필라테스,일치,2026.09.10.,10,1,10,1760,1760,0,0,0,0,0,0,0,0
마들역필라테스,일치,2026.09.11.,33,2,6.06,1633,3267,0,0,0,0,0,0,0,0
마들역필라테스,일치,2026.09.12.,11,0,0,0,0,0,0,0,0,0,0,0,0
마들역필라테스,일치,2026.09.13.,11,0,0,0,0,0,0,0,0,0,0,0,0
마들역필라테스,일치,2026.09.14.,11,1,9.09,1629,1629,0,0,0,0,0,0,0,0
마들역필라테스,일치,2026.09.15.,7,0,0,0,0,0,0,0,0,0,0,0,0
마들역필라테스,일치,2026.09.16.,22,0,0,0,0,0,0,0,0,0,0,0,0
마들역필라테스,일치,2026.09.17.,9,0,0,0,0,0,0,0,0,0,0,0,0
마들역필라테스,일치,2026.09.18.,7,0,0,0,0,0,0,0,0,0,0,0,0
마들역필라테스,일치,2026.09.19.,15,0,0,0,0,0,0,0,0,0,0,0,0
마들역필라테스,일치,2026.09.20.,18,0,0,0,0,0,0,0,0,0,0,0,0
마들역필라테스,일치,2026.09.21.,19,0,0,0,0,0,0,0,0,0,0,0,0
마들역필라테스,일치,2026.09.22.,7,0,0,0,0,0,0,0,0,0,0,0,0
마들역필라테스,일치,2026.09.23.,18,1,5.56,1654,1654,0,0,0,0,0,0,0,0
마들역필라테스,일치,2026.09.24.,12,0,0,0,0,0,0,0,0,0,0,0,0
마들역필라테스,일치,2026.09.25.,19,0,0,0,0,0,0,0,0,0,0,0,0
마들필라테스,일치,2026.09.02.,5,0,0,0,0,0,0,0,0,0,0,0,0
마들필라테스,일치,2026.09.03.,1,0,0,0,0,0,0,0,0,0,0,0,0
마들필라테스,일치,2026.09.04.,13,0,0,0,0,0,0,0,0,0,0,0,0
마들필라테스,일치,2026.09.05.,2,0,0,0,0,0,0,0,0,0,0,0,0
마들필라테스,일치,2026.09.08.,1,0,0,0,0,0,0,0,0,0,0,0,0
마들필라테스,일치,2026.09.09.,8,0,0,0,0,0,0,0,0,0,0,0,0
마들필라테스,일치,2026.09.12.,3,0,0,0,0,0,0,0,0,0,0,0,0
마들필라테스,일치,2026.09.14.,2,0,0,0,0,0,0,0,0,0,0,0,0
마들필라테스,일치,2026.09.15.,6,0,0,0,0,0,0,0,0,0,0,0,0
마들필라테스,일치,2026.09.16.,6,0,0,0,0,0,0,0,0,0,0,0,0
마들필라테스,일치,2026.09.18.,1,0,0,0,0,0,0,0,0,0,0,0,0
마들필라테스,일치,2026.09.20.,4,0,0,0,0,0,0,0,0,0,0,0,0
마들필라테스,일치,2026.09.21.,3,0,0,0,0,0,0,0,0,0,0,0,0
마들필라테스,일치,2026.09.22.,3,0,0,0,0,0,0,0,0,0,0,0,0
마들필라테스,일치,2026.09.23.,3,0,0,0,0,0,0,0,0,0,0,0,0
마들필라테스,일치,2026.09.25.,3,0,0,0,0,0,0,0,0,0,0,0,0
매직필라테스노원,확장,2026.09.05.,1,0,0,0,0,0,0,0,0,0,0,0,0
매직필라테스노원,확장,2026.09.18.,1,0,0,0,0,0,0,0,0,0,0,0,0
맨즈필라테스,일치,2026.09.19.,1,0,0,0,0,0,0,0,0,0,0,0,0
맨즈필라테스노원,확장,2026.09.09.,1,1,100,484,484,0,0,0,0,0,0,0,0
맨즈필라테스노원,확장,2026.09.18.,1,0,0,0,0,0,0,0,0,0,0,0,0
모던필라테스노원,확장,2026.09.16.,1,0,0,0,0,0,0,0,0,0,0,0,0
모든날필라테스,확장,2026.09.07.,2,0,0,0,0,0,0,0,0,0,0,0,0
모든날필라테스,확장,2026.09.08.,4,0,0,0,0,0,0,0,0,0,0,0,0
모든날필라테스,확장,2026.09.09.,3,0,0,0,0,0,0,0,0,0,0,0,0
모든날필라테스,확장,2026.09.11.,4,0,0,0,0,0,0,0,0,0,0,0,0
모든날필라테스,확장,2026.09.13.,1,0,0,0,0,0,0,0,0,0,0,0,0
모든날필라테스,확장,2026.09.16.,3,0,0,0,0,0,0,0,0,0,0,0,0
바비필라테스,일치,2026.09.22.,1,0,0,0,0,0,0,0,0,0,0,0,0
반석스포츠,일치,2026.09.05.,1,0,0,0,0,0,0,0,0,0,0,0,0
배드민턴레슨노원,확장,2026.09.14.,1,0,0,0,0,0,0,0,0,0,0,0,0
벨필라테스,일치,2026.09.17.,1,0,0,0,0,0,0,0,0,0,0,0,0
벨필라테스,일치,2026.09.19.,1,0,0,0,0,0,0,0,0,0,0,0,0
보니따필라테스노원상계,확장,2026.09.16.,1,0,0,0,0,0,0,0,0,0,0,0,0
보람상가필라테스,일치,2026.09.18.,1,0,0,0,0,0,0,0,0,0,0,0,0
봉스포츠,일치,2026.09.07.,1,0,0,0,0,0,0,0,0,0,0,0,0
봉스포츠,일치,2026.09.13.,1,0,0,0,0,0,0,0,0,0,0,0,0
봉스포츠,일치,2026.09.19.,1,0,0,0,0,0,0,0,0,0,0,0,0
봉스포츠,일치,2026.09.21.,4,0,0,0,0,0,0,0,0,0,0,0,0
봉스포츠,일치,2026.09.22.,3,0,0,0,0,0,0,0,0,0,0,0,0
봉스포츠,일치,2026.09.23.,1,0,0,0,0,0,0,0,0,0,0,0,0
봉운동,일치,2026.09.17.,2,0,0,0,0,0,0,0,0,0,0,0,0
봉운동,일치,2026.09.21.,1,0,0,0,0,0,0,0,0,0,0,0,0
비비필라테스,일치,2026.09.14.,1,0,0,0,0,0,0,0,0,0,0,0,0
산전필라테스가격,확장,2026.09.17.,1,0,0,0,0,0,0,0,0,0,0,0,0
산전필라테스그룹,확장,2026.09.16.,1,0,0,0,0,0,0,0,0,0,0,0,0
산전필라테스그룹,확장,2026.09.17.,1,0,0,0,0,0,0,0,0,0,0,0,0
산전필라테스옷,확장,2026.09.11.,1,0,0,0,0,0,0,0,0,0,0,0,0
산전필라테스장점,확장,2026.09.17.,1,0,0,0,0,0,0,0,0,0,0,0,0
산전필라테스준비,확장,2026.09.22.,1,0,0,0,0,0,0,0,0,0,0,0,0
산후필라테스노원,확장,2026.09.10.,1,0,0,0,0,0,0,0,0,0,0,0,0
상계6.7동필라테스,일치,2026.09.19.,1,0,0,0,0,0,0,0,0,0,0,0,0
상계기구필라테스,확장,2026.09.24.,1,0,0,0,0,0,0,0,0,0,0,0,0
상계노원필라테스,확장,2026.09.25.,1,0,0,0,0,0,0,0,0,0,0,0,0
상계동고요필라테스,확장,2026.09.21.,1,0,0,0,0,0,0,0,0,0,0,0,0
상계동필라테스,일치,2026.09.01.,26,0,0,0,0,0,0,0,0,0,0,0,0
상계동필라테스,일치,2026.09.02.,26,1,3.85,1397,1397,0,0,0,0,0,0,0,0
상계동필라테스,일치,2026.09.03.,7,0,0,0,0,0,0,0,0,0,0,0,0
상계동필라테스,일치,2026.09.04.,13,0,0,0,0,0,0,0,0,0,0,0,0
상계동필라테스,일치,2026.09.05.,13,0,0,0,0,0,0,0,0,0,0,0,0
상계동필라테스,일치,2026.09.06.,8,0,0,0,0,0,0,0,0,0,0,0,0
상계동필라테스,일치,2026.09.07.,11,0,0,0,0,0,0,0,0,0,0,0,0
상계동필라테스,일치,2026.09.08.,29,0,0,0,0,0,0,0,0,0,0,0,0
상계동필라테스,일치,2026.09.09.,29,0,0,0,0,0,0,0,0,0,0,0,0
상계동필라테스,일치,2026.09.10.,10,0,0,0,0,0,0,0,0,0,0,0,0
상계동필라테스,일치,2026.09.11.,21,0,0,0,0,0,0,0,0,0,0,0,0
상계동필라테스,일치,2026.09.12.,10,0,0,0,0,0,0,0,0,0,0,0,0
상계동필라테스,일치,2026.09.13.,17,2,11.76,1207,2414,0,0,0,0,0,0,0,0
상계동필라테스,일치,2026.09.14.,8,0,0,0,0,0,0,0,0,0,0,0,0
상계동필라테스,일치,2026.09.15.,29,0,0,0,0,0,0,0,0,0,0,0,0
상계동필라테스,일치,2026.09.16.,35,0,0,0,0,0,0,0,0,0,0,0,0
상계동필라테스,일치,2026.09.17.,21,0,0,0,0,0,0,0,0,0,0,0,0
상계동필라테스,일치,2026.09.18.,36,0,0,0,0,0,0,0,0,0,0,0,0
상계동필라테스,일치,2026.09.19.,26,0,0,0,0,0,0,0,0,0,0,0,0
상계동필라테스,일치,2026.09.20.,19,0,0,0,0,0,0,0,0,0,0,0,0
상계동필라테스,일치,2026.09.21.,20,1,5,1586,1586,0,0,0,0,0,0,0,0
상계동필라테스,일치,2026.09.22.,30,0,0,0,0,0,0,0,0,0,0,0,0
상계동필라테스,일치,2026.09.23.,24,1,4.17,742,742,0,0,0,0,0,0,0,0
상계동필라테스,일치,2026.09.24.,10,0,0,0,0,0,0,0,0,0,0,0,0
상계동필라테스,일치,2026.09.25.,4,0,0,0,0,0,0,0,0,0,0,0,0
상계동필라테스예약,확장,2026.09.22.,5,0,0,0,0,0,0,0,0,0,0,0,0
상계리무브필라테스,확장,2026.09.03.,1,0,0,0,0,0,0,0,0,0,0,0,0
상계산후필라테스,확장,2026.09.19.,1,0,0,0,0,0,0,0,0,0,0,0,0
상계스포츠,일치,2026.09.24.,1,0,0,0,0,0,0,0,0,0,0,0,0
상계역운동,일치,2026.09.01.,3,0,0,0,0,0,0,0,0,0,0,0,0
상계역운동,일치,2026.09.05.,1,0,0,0,0,0,0,0,0,0,0,0,0
상계역운동,일치,2026.09.11.,1,0,0,0,0,0,0,0,0,0,0,0,0
상계역운동,일치,2026.09.14.,3,0,0,0,0,0,0,0,0,0,0,0,0
상계역운동,일치,2026.09.17.,1,0,0,0,0,0,0,0,0,0,0,0,0
상계역운동,일치,2026.09.22.,1,0,0,0,0,0,0,0,0,0,0,0,0
상계역운동,일치,2026.09.23.,4,0,0,0,0,0,0,0,0,0,0,0,0
상계역운동,일치,2026.09.25.,4,0,0,0,0,0,0,0,0,0,0,0,0
상계역주변필라테스,일치,2026.09.09.,3,0,0,0,0,0,0,0,0,0,0,0,0
상계역필라테스,일치,2026.09.01.,15,1,6.67,1287,1287,0,0,0,0,0,0,0,0
상계역필라테스,일치,2026.09.02.,8,0,0,0,0,0,0,0,0,0,0,0,0
상계역필라테스,일치,2026.09.04.,14,1,7.14,1249,1249,0,0,0,0,0,0,0,0
상계역필라테스,일치,2026.09.05.,3,0,0,0,0,0,0,0,0,0,0,0,0
상계역필라테스,일치,2026.09.06.,12,2,16.67,1144,2289,0,0,0,0,0,0,0,0
상계역필라테스,일치,2026.09.07.,8,0,0,0,0,0,0,0,0,0,0,0,0
상계역필라테스,일치,2026.09.08.,10,0,0,0,0,0,0,0,0,0,0,0,0
상계역필라테스,일치,2026.09.09.,16,0,0,0,0,0,0,0,0,0,0,0,0
상계역필라테스,일치,2026.09.10.,13,0,0,0,0,0,0,0,0,0,0,0,0
상계역필라테스,일치,2026.09.11.,2,0,0,0,0,0,0,0,0,0,0,0,0
상계역필라테스,일치,2026.09.12.,4,0,0,0,0,0,0,0,0,0,0,0,0
상계역필라테스,일치,2026.09.13.,2,0,0,0,0,0,0,0,0,0,0,0,0
상계역필라테스,일치,2026.09.14.,4,0,0,0,0,0,0,0,0,0,0,0,0
상계역필라테스,일치,2026.09.15.,13,1,7.69,777,777,0,0,0,0,0,0,0,0
상계역필라테스,일치,2026.09.16.,7,0,0,0,0,0,0,0,0,0,0,0,0
상계역필라테스,일치,2026.09.17.,15,2,13.33,1194,2388,0,0,0,0,0,0,0,0
상계역필라테스,일치,2026.09.18.,9,1,11.11,1132,1132,0,0,0,0,0,0,0,0
상계역필라테스,일치,2026.09.19.,4,0,0,0,0,0,0,0,0,0,0,0,0
상계역필라테스,일치,2026.09.20.,8,0,0,0,0,0,0,0,0,0,0,0,0
상계역필라테스,일치,2026.09.21.,9,0,0,0,0,0,0,0,0,0,0,0,0
상계역필라테스,일치,2026.09.22.,6,0,0,0,0,0,0,0,0,0,0,0,0
상계역필라테스,일치,2026.09.23.,8,0,0,0,0,0,0,0,0,0,0,0,0
상계역필라테스,일치,2026.09.24.,2,0,0,0,0,0,0,0,0,0,0,0,0
상계역필라테스,일치,2026.09.25.,7,0,0,0,0,0,0,0,0,0,0,0,0
상계필라테스,일치,2026.09.01.,5,0,0,0,0,0,0,0,0,0,0,0,0
상계필라테스,일치,2026.09.02.,1,0,0,0,0,0,0,0,0,0,0,0,0
상계필라테스,일치,2026.09.03.,5,0,0,0,0,0,0,0,0,0,0,0,0
상계필라테스,일치,2026.09.04.,1,0,0,0,0,0,0,0,0,0,0,0,0
상계필라테스,일치,2026.09.08.,1,0,0,0,0,0,0,0,0,0,0,0,0
상계필라테스,일치,2026.09.09.,4,0,0,0,0,0,0,0,0,0,0,0,0
상계필라테스,일치,2026.09.10.,2,0,0,0,0,0,0,0,0,0,0,0,0
상계필라테스,일치,2026.09.11.,1,0,0,0,0,0,0,0,0,0,0,0,0
상계필라테스,일치,2026.09.15.,3,0,0,0,0,0,0,0,0,0,0,0,0
상계필라테스,일치,2026.09.18.,1,0,0,0,0,0,0,0,0,0,0,0,0
상계필라테스,일치,2026.09.20.,4,1,25,779,779,0,0,0,0,0,0,0,0
상계필라테스,일치,2026.09.21.,1,0,0,0,0,0,0,0,0,0,0,0,0
상계필라테스,일치,2026.09.22.,1,0,0,0,0,0,0,0,0,0,0,0,0
상계필라테스,일치,2026.09.23.,2,0,0,0,0,0,0,0,0,0,0,0,0
상계필라테스가격,확장,2026.09.25.,1,0,0,0,0,0,0,0,0,0,0,0,0
상계필라테스강사,확장,2026.09.21.,1,0,0,0,0,0,0,0,0,0,0,0,0
상계필라테스고요,확장,2026.09.09.,1,1,100,684,684,0,0,0,0,0,0,0,0
새로,일치,2026.09.16.,1,0,0,0,0,0,0,0,0,0,0,0,0
새로오픈,확장,2026.09.04.,18,0,0,0,0,0,0,0,0,0,0,0,0
새로오픈맛집노원,확장,2026.09.12.,1,0,0,0,0,0,0,0,0,0,0,0,0
새로오픈필라테스,확장,2026.09.02.,1,0,0,0,0,0,0,0,0,0,0,0,0
새로오픈한,확장,2026.09.04.,1,0,0,0,0,0,0,0,0,0,0,0,0
새로오픈한필라테스,확장,2026.09.06.,1,0,0,0,0,0,0,0,0,0,0,0,0
새로필라테스,확장,2026.09.01.,20,2,10,533,1066,0,0,0,0,0,0,0,0
새로필라테스,확장,2026.09.02.,8,0,0,0,0,0,0,0,0,0,0,0,0
새로필라테스,확장,2026.09.03.,12,1,8.33,605,605,0,0,0,0,0,0,0,0
새로필라테스,확장,2026.09.04.,18,1,5.56,460,460,0,0,0,0,0,0,0,0
새로필라테스,확장,2026.09.05.,6,0,0,0,0,0,0,0,0,0,0,0,0
새로필라테스,확장,2026.09.06.,3,0,0,0,0,0,0,0,0,0,0,0,0
새로필라테스,확장,2026.09.07.,13,1,7.69,697,697,0,0,0,0,0,0,0,0
새로필라테스,확장,2026.09.08.,13,0,0,0,0,0,0,0,0,0,0,0,0
새로필라테스,확장,2026.09.09.,25,1,4,649,649,0,0,0,0,0,0,0,0
새로필라테스,확장,2026.09.10.,7,0,0,0,0,0,0,0,0,0,0,0,0
새로필라테스,확장,2026.09.11.,6,0,0,0,0,0,0,0,0,0,0,0,0
새로필라테스,확장,2026.09.12.,3,0,0,0,0,0,0,0,0,0,0,0,0
새로필라테스,확장,2026.09.13.,5,0,0,0,0,0,0,0,0,0,0,0,0
새로필라테스,확장,2026.09.14.,12,1,8.33,698,698,0,0,0,0,0,0,0,0
새로필라테스,확장,2026.09.15.,11,0,0,0,0,0,0,0,0,0,0,0,0
새로필라테스,확장,2026.09.16.,9,0,0,0,0,0,0,0,0,0,0,0,0
새로필라테스,확장,2026.09.17.,13,0,0,0,0,0,0,0,0,0,0,0,0
새로필라테스,확장,2026.09.18.,13,0,0,0,0,0,0,0,0,0,0,0,0
새로필라테스,확장,2026.09.19.,8,0,0,0,0,0,0,0,0,0,0,0,0
새로필라테스,확장,2026.09.20.,6,0,0,0,0,0,0,0,0,0,0,0,0
새로필라테스,확장,2026.09.21.,8,0,0,0,0,0,0,0,0,0,0,0,0
새로필라테스,확장,2026.09.22.,19,0,0,0,0,0,0,0,0,0,0,0,0
새로필라테스,확장,2026.09.23.,22,0,0,0,0,0,0,0,0,0,0,0,0
새로필라테스,확장,2026.09.24.,5,0,0,0,0,0,0,0,0,0,0,0,0
새로필라테스,확장,2026.09.25.,5,0,0,0,0,0,0,0,0,0,0,0,0
새로필라테스가격,확장,2026.09.13.,1,1,100,492,492,0,0,0,0,0,0,0,0
새로필라테스노원,확장,2026.09.15.,1,0,0,0,0,0,0,0,0,0,0,0,0
새로필라테스노원,확장,2026.09.17.,1,0,0,0,0,0,0,0,0,0,0,0,0
새로필라테스노원후기,확장,2026.09.14.,1,0,0,0,0,0,0,0,0,0,0,0,0
새로필라테스후기,확장,2026.09.13.,1,0,0,0,0,0,0,0,0,0,0,0,0
새벽필라테스노원,확장,2026.09.08.,1,1,100,352,352,0,0,0,0,0,0,0,0
서울노원구필라테스,확장,2026.09.20.,1,0,0,0,0,0,0,0,0,0,0,0,0
서울노원필라테스,확장,2026.09.03.,1,0,0,0,0,0,0,0,0,0,0,0,0
서울시필라테스,일치,2026.09.25.,1,0,0,0,0,0,0,0,0,0,0,0,0
서울키즈필라테스,확장,2026.09.05.,1,0,0,0,0,0,0,0,0,0,0,0,0
소중필라테스노원,확장,2026.09.01.,1,0,0,0,0,0,0,0,0,0,0,0,0
수정역필라테스,확장,2026.09.01.,2,0,0,0,0,0,0,0,0,0,0,0,0
수정역필라테스,확장,2026.09.02.,2,0,0,0,0,0,0,0,0,0,0,0,0
수정역필라테스,확장,2026.09.06.,1,0,0,0,0,0,0,0,0,0,0,0,0
수정역필라테스,확장,2026.09.07.,2,0,0,0,0,0,0,0,0,0,0,0,0
수현필라테스,일치,2026.09.01.,1,0,0,0,0,0,0,0,0,0,0,0,0
스마일필라테스,일치,2026.09.13.,1,0,0,0,0,0,0,0,0,0,0,0,0
스마일필라테스,일치,2026.09.17.,1,0,0,0,0,0,0,0,0,0,0,0,0
스포츠,일치,2026.09.01.,2,0,0,0,0,0,0,0,0,0,0,0,0
스포츠,일치,2026.09.03.,1,0,0,0,0,0,0,0,0,0,0,0,0
스포츠,일치,2026.09.04.,0,1,0,1215,1215,0,0,0,0,0,0,0,0
스포츠,일치,2026.09.05.,1,0,0,0,0,0,0,0,0,0,0,0,0
스포츠,일치,2026.09.06.,2,0,0,0,0,0,0,0,0,0,0,0,0
스포츠,일치,2026.09.11.,3,0,0,0,0,0,0,0,0,0,0,0,0
스포츠,일치,2026.09.13.,3,0,0,0,0,0,0,0,0,0,0,0,0
스포츠,일치,2026.09.14.,2,0,0,0,0,0,0,0,0,0,0,0,0
스포츠,일치,2026.09.15.,2,0,0,0,0,0,0,0,0,0,0,0,0
스포츠,일치,2026.09.17.,2,0,0,0,0,0,0,0,0,0,0,0,0
스포츠,일치,2026.09.19.,2,0,0,0,0,0,0,0,0,0,0,0,0
스포츠,일치,2026.09.20.,2,0,0,0,0,0,0,0,0,0,0,0,0
스포츠,일치,2026.09.21.,3,0,0,0,0,0,0,0,0,0,0,0,0
스포츠,일치,2026.09.22.,2,0,0,0,0,0,0,0,0,0,0,0,0
스포츠매장,일치,2026.09.17.,1,0,0,0,0,0,0,0,0,0,0,0,0
스포츠매장,일치,2026.09.20.,1,0,0,0,0,0,0,0,0,0,0,0,0
시니어필라테스노원,확장,2026.09.10.,1,1,100,346,346,0,0,0,0,0,0,0,0
시니어필라테스복,확장,2026.09.19.,2,0,0,0,0,0,0,0,0,0,0,0,0
시니어필라테스복,확장,2026.09.20.,1,0,0,0,0,0,0,0,0,0,0,0,0
씨앤미필라테스,일치,2026.09.05.,1,0,0,0,0,0,0,0,0,0,0,0,0
아기노원구,확장,2026.09.08.,1,0,0,0,0,0,0,0,0,0,0,0,0
아기랑노원,확장,2026.09.04.,1,0,0,0,0,0,0,0,0,0,0,0,0
아기랑노원,확장,2026.09.16.,1,0,0,0,0,0,0,0,0,0,0,0,0
아기랑노원구,확장,2026.09.21.,1,0,0,0,0,0,0,0,0,0,0,0,0
아르떼필라테스,일치,2026.09.12.,1,0,0,0,0,0,0,0,0,0,0,0,0
아이원스포츠,일치,2026.09.03.,1,0,0,0,0,0,0,0,0,0,0,0,0
아이원스포츠,일치,2026.09.05.,1,0,0,0,0,0,0,0,0,0,0,0,0
아이원스포츠,일치,2026.09.07.,1,0,0,0,0,0,0,0,0,0,0,0,0
아이원스포츠,일치,2026.09.10.,2,0,0,0,0,0,0,0,0,0,0,0,0
아이원스포츠,일치,2026.09.14.,1,0,0,0,0,0,0,0,0,0,0,0,0
아이필라테스,일치,2026.09.17.,1,0,0,0,0,0,0,0,0,0,0,0,0
아트필라테스노원,확장,2026.09.22.,1,0,0,0,0,0,0,0,0,0,0,0,0
아트필라테스노원,확장,2026.09.24.,1,0,0,0,0,0,0,0,0,0,0,0,0
에반더필라테스노원,확장,2026.09.18.,1,0,0,0,0,0,0,0,0,0,0,0,0
에반더필라테스상계역점,확장,2026.09.04.,1,0,0,0,0,0,0,0,0,0,0,0,0
엠필라테스노원점,확장,2026.09.07.,1,0,0,0,0,0,0,0,0,0,0,0,0
예일필라테스오픈이벤트,확장,2026.09.04.,1,0,0,0,0,0,0,0,0,0,0,0,0
오운필라테스,일치,2026.09.04.,1,0,0,0,0,0,0,0,0,0,0,0,0
오운필라테스,일치,2026.09.05.,1,0,0,0,0,0,0,0,0,0,0,0,0
오운필라테스,일치,2026.09.06.,1,0,0,0,0,0,0,0,0,0,0,0,0
오운필라테스,일치,2026.09.11.,1,0,0,0,0,0,0,0,0,0,0,0,0
오운필라테스,일치,2026.09.16.,4,0,0,0,0,0,0,0,0,0,0,0,0
오운필라테스,일치,2026.09.20.,1,0,0,0,0,0,0,0,0,0,0,0,0
오운필라테스,일치,2026.09.22.,1,0,0,0,0,0,0,0,0,0,0,0,0
오운필라테스,일치,2026.09.23.,1,0,0,0,0,0,0,0,0,0,0,0,0
오운필라테스,일치,2026.09.24.,1,0,0,0,0,0,0,0,0,0,0,0,0
오픈세일필라테스,확장,2026.09.03.,1,0,0,0,0,0,0,0,0,0,0,0,0
와우스포츠,일치,2026.09.22.,1,0,0,0,0,0,0,0,0,0,0,0,0
와우필라테스,일치,2026.09.02.,4,0,0,0,0,0,0,0,0,0,0,0,0
와우필라테스,일치,2026.09.06.,1,0,0,0,0,0,0,0,0,0,0,0,0
와우필라테스,일치,2026.09.08.,1,0,0,0,0,0,0,0,0,0,0,0,0
와우필라테스,일치,2026.09.15.,1,0,0,0,0,0,0,0,0,0,0,0,0
와우필라테스,일치,2026.09.17.,1,0,0,0,0,0,0,0,0,0,0,0,0
와우필라테스,일치,2026.09.18.,1,0,0,0,0,0,0,0,0,0,0,0,0
와우필라테스,일치,2026.09.19.,1,0,0,0,0,0,0,0,0,0,0,0,0
와우필라테스,일치,2026.09.20.,2,0,0,0,0,0,0,0,0,0,0,0,0
와우필라테스,일치,2026.09.21.,1,0,0,0,0,0,0,0,0,0,0,0,0
와우필라테스,일치,2026.09.22.,3,1,33.33,1759,1759,0,0,0,0,0,0,0,0
와우필라테스,일치,2026.09.23.,5,0,0,0,0,0,0,0,0,0,0,0,0
요요필라테스노원동,확장,2026.09.21.,1,0,0,0,0,0,0,0,0,0,0,0,0
우동노원역,확장,2026.09.11.,1,0,0,0,0,0,0,0,0,0,0,0,0
우동집노원역,확장,2026.09.20.,1,0,0,0,0,0,0,0,0,0,0,0,0
운동,일치,2026.09.01.,3,0,0,0,0,0,0,0,0,0,0,0,0
운동,일치,2026.09.02.,6,0,0,0,0,0,0,0,0,0,0,0,0
운동,일치,2026.09.03.,4,1,25,1198,1198,0,0,0,0,0,0,0,0
운동,일치,2026.09.04.,1,0,0,0,0,0,0,0,0,0,0,0,0
운동,일치,2026.09.05.,10,1,10,1400,1400,0,0,0,0,0,0,0,0
운동,일치,2026.09.06.,1,0,0,0,0,0,0,0,0,0,0,0,0
운동,일치,2026.09.07.,14,0,0,0,0,0,0,0,0,0,0,0,0
운동,일치,2026.09.08.,4,0,0,0,0,0,0,0,0,0,0,0,0
운동,일치,2026.09.09.,11,1,9.09,1258,1258,0,0,0,0,0,0,0,0
운동,일치,2026.09.10.,2,0,0,0,0,0,0,0,0,0,0,0,0
운동,일치,2026.09.11.,1,0,0,0,0,0,0,0,0,0,0,0,0
운동,일치,2026.09.12.,3,0,0,0,0,0,0,0,0,0,0,0,0
운동,일치,2026.09.13.,21,0,0,0,0,0,0,0,0,0,0,0,0
운동,일치,2026.09.14.,3,0,0,0,0,0,0,0,0,0,0,0,0
운동,일치,2026.09.15.,7,0,0,0,0,0,0,0,0,0,0,0,0
운동,일치,2026.09.16.,4,0,0,0,0,0,0,0,0,0,0,0,0
운동,일치,2026.09.17.,1,0,0,0,0,0,0,0,0,0,0,0,0
운동,일치,2026.09.18.,10,0,0,0,0,0,0,0,0,0,0,0,0
운동,일치,2026.09.19.,7,0,0,0,0,0,0,0,0,0,0,0,0
운동,일치,2026.09.20.,15,0,0,0,0,0,0,0,0,0,0,0,0
운동,일치,2026.09.21.,12,0,0,0,0,0,0,0,0,0,0,0,0
운동,일치,2026.09.22.,19,0,0,0,0,0,0,0,0,0,0,0,0
운동,일치,2026.09.23.,5,0,0,0,0,0,0,0,0,0,0,0,0
운동,일치,2026.09.24.,18,1,5.56,525,525,0,0,0,0,0,0,0,0
운동,일치,2026.09.25.,26,1,3.85,1473,1473,0,0,0,0,0,0,0,0
웰니스필라테스,일치,2026.09.06.,3,0,0,0,0,0,0,0,0,0,0,0,0
유진필라테스,일치,2026.09.18.,1,0,0,0,0,0,0,0,0,0,0,0,0
유진필라테스,일치,2026.09.19.,1,0,0,0,0,0,0,0,0,0,0,0,0
은행사거리운동,일치,2026.09.17.,1,0,0,0,0,0,0,0,0,0,0,0,0
은행사거리필라테스,일치,2026.09.01.,2,0,0,0,0,0,0,0,0,0,0,0,0
은행사거리필라테스,일치,2026.09.07.,3,0,0,0,0,0,0,0,0,0,0,0,0
은행사거리필라테스,일치,2026.09.08.,1,0,0,0,0,0,0,0,0,0,0,0,0
은행사거리필라테스,일치,2026.09.09.,1,0,0,0,0,0,0,0,0,0,0,0,0
은행사거리필라테스,일치,2026.09.11.,4,0,0,0,0,0,0,0,0,0,0,0,0
은행사거리필라테스,일치,2026.09.15.,2,0,0,0,0,0,0,0,0,0,0,0,0
은행사거리필라테스,일치,2026.09.21.,1,1,100,1730,1730,0,0,0,0,0,0,0,0
은행사거리필라테스,일치,2026.09.22.,1,0,0,0,0,0,0,0,0,0,0,0,0
은행사거리필라테스,일치,2026.09.23.,4,0,0,0,0,0,0,0,0,0,0,0,0
은행사거리필라테스,일치,2026.09.24.,1,0,0,0,0,0,0,0,0,0,0,0,0
이레필라테스,일치,2026.09.08.,1,0,0,0,0,0,0,0,0,0,0,0,0
이레필라테스,일치,2026.09.17.,1,0,0,0,0,0,0,0,0,0,0,0,0
임신중필라테스,확장,2026.09.19.,1,0,0,0,0,0,0,0,0,0,0,0,0
임신중필라테스,확장,2026.09.22.,1,0,0,0,0,0,0,0,0,0,0,0,0
잠원필라테스새로오픈,확장,2026.09.02.,1,0,0,0,0,0,0,0,0,0,0,0,0
재활엠필라테스노원,확장,2026.09.22.,1,0,0,0,0,0,0,0,0,0,0,0,0
젠필라테스,일치,2026.09.01.,4,0,0,0,0,0,0,0,0,0,0,0,0
젠필라테스,일치,2026.09.02.,4,0,0,0,0,0,0,0,0,0,0,0,0
젠필라테스,일치,2026.09.05.,2,0,0,0,0,0,0,0,0,0,0,0,0
젠필라테스,일치,2026.09.06.,14,0,0,0,0,0,0,0,0,0,0,0,0
젠필라테스,일치,2026.09.07.,5,0,0,0,0,0,0,0,0,0,0,0,0
젠필라테스,일치,2026.09.08.,3,0,0,0,0,0,0,0,0,0,0,0,0
젠필라테스,일치,2026.09.11.,1,0,0,0,0,0,0,0,0,0,0,0,0
젠필라테스,일치,2026.09.12.,1,0,0,0,0,0,0,0,0,0,0,0,0
젠필라테스,일치,2026.09.14.,2,0,0,0,0,0,0,0,0,0,0,0,0
젠필라테스,일치,2026.09.15.,5,0,0,0,0,0,0,0,0,0,0,0,0
젠필라테스,일치,2026.09.16.,1,0,0,0,0,0,0,0,0,0,0,0,0
젠필라테스,일치,2026.09.17.,4,0,0,0,0,0,0,0,0,0,0,0,0
젠필라테스,일치,2026.09.18.,3,0,0,0,0,0,0,0,0,0,0,0,0
젠필라테스,일치,2026.09.21.,1,0,0,0,0,0,0,0,0,0,0,0,0
젠필라테스,일치,2026.09.22.,5,1,20,1760,1760,0,0,0,0,0,0,0,0
젠필라테스,일치,2026.09.23.,1,0,0,0,0,0,0,0,0,0,0,0,0
젠필라테스,일치,2026.09.24.,2,0,0,0,0,0,0,0,0,0,0,0,0
젠필라테스,일치,2026.09.25.,2,0,0,0,0,0,0,0,0,0,0,0,0
주변필라테스,일치,2026.09.06.,1,0,0,0,0,0,0,0,0,0,0,0,0
주변필라테스,일치,2026.09.16.,1,0,0,0,0,0,0,0,0,0,0,0,0
주차노원역,확장,2026.09.19.,2,0,0,0,0,0,0,0,0,0,0,0,0
중계동은행사거리필라테스,일치,2026.09.01.,4,0,0,0,0,0,0,0,0,0,0,0,0
중계동은행사거리필라테스,일치,2026.09.02.,4,0,0,0,0,0,0,0,0,0,0,0,0
중계동은행사거리필라테스,일치,2026.09.05.,1,0,0,0,0,0,0,0,0,0,0,0,0
중계동은행사거리필라테스,일치,2026.09.17.,1,0,0,0,0,0,0,0,0,0,0,0,0
중계동은행사거리필라테스,일치,2026.09.25.,4,0,0,0,0,0,0,0,0,0,0,0,0
중계역운동,일치,2026.09.24.,1,0,0,0,0,0,0,0,0,0,0,0,0
중계역필라테스,일치,2026.09.01.,4,0,0,0,0,0,0,0,0,0,0,0,0
중계역필라테스,일치,2026.09.02.,7,2,28.57,933,1866,0,0,0,0,0,0,0,0
중계역필라테스,일치,2026.09.03.,11,2,18.18,1066,2132,0,0,0,0,0,0,0,0
중계역필라테스,일치,2026.09.04.,1,0,0,0,0,0,0,0,0,0,0,0,0
중계역필라테스,일치,2026.09.05.,6,0,0,0,0,0,0,0,0,0,0,0,0
중계역필라테스,일치,2026.09.06.,6,1,16.67,1111,1111,0,0,0,0,0,0,0,0
중계역필라테스,일치,2026.09.07.,2,1,50,1080,1080,0,0,0,0,0,0,0,0
중계역필라테스,일치,2026.09.08.,4,1,25,1322,1322,0,0,0,0,0,0,0,0
중계역필라테스,일치,2026.09.09.,1,0,0,0,0,0,0,0,0,0,0,0,0
중계역필라테스,일치,2026.09.10.,5,0,0,0,0,0,0,0,0,0,0,0,0
중계역필라테스,일치,2026.09.11.,1,0,0,0,0,0,0,0,0,0,0,0,0
중계역필라테스,일치,2026.09.12.,3,1,33.33,1450,1450,0,0,0,0,0,0,0,0
중계역필라테스,일치,2026.09.13.,2,0,0,0,0,0,0,0,0,0,0,0,0
중계역필라테스,일치,2026.09.14.,3,2,66.67,1488,2977,0,0,0,0,0,0,0,0
중계역필라테스,일치,2026.09.17.,5,1,20,1063,1063,0,0,0,0,0,0,0,0
중계역필라테스,일치,2026.09.20.,1,0,0,0,0,0,0,0,0,0,0,0,0
중계역필라테스,일치,2026.09.21.,5,0,0,0,0,0,0,0,0,0,0,0,0
중계역필라테스,일치,2026.09.22.,6,0,0,0,0,0,0,0,0,0,0,0,0
중계역필라테스,일치,2026.09.23.,1,0,0,0,0,0,0,0,0,0,0,0,0
중계역필라테스,일치,2026.09.24.,1,0,0,0,0,0,0,0,0,0,0,0,0
집근처필라테스,일치,2026.09.06.,1,0,0,0,0,0,0,0,0,0,0,0,0
집주변필라테스,일치,2026.09.19.,1,0,0,0,0,0,0,0,0,0,0,0,0
창동역운동,일치,2026.09.09.,3,0,0,0,0,0,0,0,0,0,0,0,0
창동역운동,일치,2026.09.10.,2,0,0,0,0,0,0,0,0,0,0,0,0
창동역운동,일치,2026.09.11.,1,0,0,0,0,0,0,0,0,0,0,0,0
창동역운동,일치,2026.09.13.,1,0,0,0,0,0,0,0,0,0,0,0,0
창동역운동,일치,2026.09.15.,6,0,0,0,0,0,0,0,0,0,0,0,0
창동역운동,일치,2026.09.17.,1,0,0,0,0,0,0,0,0,0,0,0,0
창동역운동,일치,2026.09.19.,4,0,0,0,0,0,0,0,0,0,0,0,0
창동역운동,일치,2026.09.20.,5,0,0,0,0,0,0,0,0,0,0,0,0
창동역운동,일치,2026.09.22.,1,0,0,0,0,0,0,0,0,0,0,0,0
창동역운동,일치,2026.09.25.,1,0,0,0,0,0,0,0,0,0,0,0,0
창동역필라테스,일치,2026.09.01.,11,0,0,0,0,0,0,0,0,0,0,0,0
창동역필라테스,일치,2026.09.02.,8,0,0,0,0,0,0,0,0,0,0,0,0
창동역필라테스,일치,2026.09.03.,12,1,8.33,1379,1379,0,0,0,0,0,0,0,0
창동역필라테스,일치,2026.09.04.,14,0,0,0,0,0,0,0,0,0,0,0,0
창동역필라테스,일치,2026.09.05.,10,0,0,0,0,0,0,0,0,0,0,0,0
창동역필라테스,일치,2026.09.06.,7,0,0,0,0,0,0,0,0,0,0,0,0
창동역필라테스,일치,2026.09.07.,4,0,0,0,0,0,0,0,0,0,0,0,0
창동역필라테스,일치,2026.09.08.,18,0,0,0,0,0,0,0,0,0,0,0,0
창동역필라테스,일치,2026.09.09.,11,0,0,0,0,0,0,0,0,0,0,0,0
창동역필라테스,일치,2026.09.10.,7,0,0,0,0,0,0,0,0,0,0,0,0
창동역필라테스,일치,2026.09.11.,9,0,0,0,0,0,0,0,0,0,0,0,0
창동역필라테스,일치,2026.09.12.,3,0,0,0,0,0,0,0,0,0,0,0,0
창동역필라테스,일치,2026.09.13.,10,1,10,1623,1623,0,0,0,0,0,0,0,0
창동역필라테스,일치,2026.09.14.,7,0,0,0,0,0,0,0,0,0,0,0,0
창동역필라테스,일치,2026.09.15.,12,0,0,0,0,0,0,0,0,0,0,0,0
창동역필라테스,일치,2026.09.16.,9,0,0,0,0,0,0,0,0,0,0,0,0
창동역필라테스,일치,2026.09.17.,13,2,15.38,1401,2802,0,0,0,0,0,0,0,0
창동역필라테스,일치,2026.09.18.,4,1,25,1731,1731,0,0,0,0,0,0,0,0
창동역필라테스,일치,2026.09.19.,1,0,0,0,0,0,0,0,0,0,0,0,0
창동역필라테스,일치,2026.09.20.,8,0,0,0,0,0,0,0,0,0,0,0,0
창동역필라테스,일치,2026.09.21.,19,0,0,0,0,0,0,0,0,0,0,0,0
창동역필라테스,일치,2026.09.22.,4,0,0,0,0,0,0,0,0,0,0,0,0
창동역필라테스,일치,2026.09.23.,4,0,0,0,0,0,0,0,0,0,0,0,0
창동역필라테스,일치,2026.09.24.,12,0,0,0,0,0,0,0,0,0,0,0,0
창동역필라테스,일치,2026.09.25.,4,2,50,1530,3061,0,0,0,0,0,0,0,0
청운스포츠,일치,2026.09.06.,1,0,0,0,0,0,0,0,0,0,0,0,0
체인지필라테스노원,확장,2026.09.08.,1,0,0,0,0,0,0,0,0,0,0,0,0
체인지필라테스노원,확장,2026.09.19.,1,0,0,0,0,0,0,0,0,0,0,0,0
카페노원역,확장,2026.09.13.,1,0,0,0,0,0,0,0,0,0,0,0,0
카페노원역,확장,2026.09.16.,1,0,0,0,0,0,0,0,0,0,0,0,0
퀸즈필라테스,일치,2026.09.01.,1,0,0,0,0,0,0,0,0,0,0,0,0
퀸즈필라테스,일치,2026.09.11.,1,0,0,0,0,0,0,0,0,0,0,0,0
키즈필라테스가격,확장,2026.09.06.,1,0,0,0,0,0,0,0,0,0,0,0,0
토브필라테스,일치,2026.09.17.,1,0,0,0,0,0,0,0,0,0,0,0,0
트리니티필라테스,일치,2026.09.01.,3,0,0,0,0,0,0,0,0,0,0,0,0
트리니티필라테스,일치,2026.09.15.,1,0,0,0,0,0,0,0,0,0,0,0,0
퍼스트필라테스,일치,2026.09.01.,1,0,0,0,0,0,0,0,0,0,0,0,0
퍼스트필라테스아카데미노원,확장,2026.09.03.,1,1,100,235,235,0,0,0,0,0,0,0,0
필라테스,일치,2026.09.01.,78,4,5.13,1213,4851,0,0,0,0,0,0,0,0
필라테스,일치,2026.09.02.,27,1,3.7,1177,1177,0,0,0,0,0,0,0,0
필라테스,일치,2026.09.03.,31,1,3.23,1191,1191,0,0,0,0,0,0,0,0
필라테스,일치,2026.09.04.,30,4,13.33,1135,4539,0,0,0,0,0,0,0,0
필라테스,일치,2026.09.05.,67,4,5.97,1287,5146,0,0,0,0,0,0,0,0
필라테스,일치,2026.09.06.,48,2,4.17,1200,2401,0,0,0,0,0,0,0,0
필라테스,일치,2026.09.07.,29,0,0,0,0,0,0,0,0,0,0,0,0
필라테스,일치,2026.09.08.,57,3,5.26,1035,3106,0,0,0,0,0,0,0,0
필라테스,일치,2026.09.09.,50,3,6,1432,4297,0,0,0,0,0,0,0,0
필라테스,일치,2026.09.10.,14,2,14.29,1464,2929,0,0,0,0,0,0,0,0
필라테스,일치,2026.09.11.,19,1,5.26,1678,1678,0,0,0,0,0,0,0,0
필라테스,일치,2026.09.12.,24,2,8.33,1681,3363,0,0,0,0,0,0,0,0
필라테스,일치,2026.09.13.,21,2,9.52,1635,3271,0,0,0,0,0,0,0,0
필라테스,일치,2026.09.14.,32,0,0,0,0,0,0,0,0,0,0,0,0
필라테스,일치,2026.09.15.,59,3,5.08,999,2997,0,0,0,0,0,0,0,0
필라테스,일치,2026.09.16.,58,3,5.17,1271,3813,0,0,0,0,0,0,0,0
필라테스,일치,2026.09.17.,54,2,3.7,1369,2739,0,0,0,0,0,0,0,0
필라테스,일치,2026.09.18.,25,5,20,1431,7155,0,0,0,0,0,0,0,0
필라테스,일치,2026.09.19.,36,2,5.56,1641,3283,0,0,0,0,0,0,0,0
필라테스,일치,2026.09.20.,64,6,9.38,1527,9161,0,0,0,0,0,0,0,0
필라테스,일치,2026.09.21.,44,4,9.09,1460,5841,0,0,0,0,0,0,0,0
필라테스,일치,2026.09.22.,37,4,10.81,1409,5636,0,0,0,0,0,0,0,0
필라테스,일치,2026.09.23.,58,3,5.17,1290,3871,0,0,0,0,0,0,0,0
필라테스,일치,2026.09.24.,31,4,12.9,1559,6235,0,0,0,0,0,0,0,0
필라테스,일치,2026.09.25.,23,0,0,0,0,0,0,0,0,0,0,0,0
필라테스3:1,확장,2026.09.21.,2,0,0,0,0,0,0,0,0,0,0,0,0
필라테스8월,확장,2026.09.24.,2,0,0,0,0,0,0,0,0,0,0,0,0
필라테스8월,확장,2026.09.25.,1,0,0,0,0,0,0,0,0,0,0,0,0
필라테스고요노원,확장,2026.09.23.,2,0,0,0,0,0,0,0,0,0,0,0,0
필라테스고요상계,확장,2026.09.12.,1,0,0,0,0,0,0,0,0,0,0,0,0
필라테스고요상계,확장,2026.09.17.,1,0,0,0,0,0,0,0,0,0,0,0,0
필라테스기구노원추천,확장,2026.09.03.,1,0,0,0,0,0,0,0,0,0,0,0,0
필라테스노원,일치,2026.09.01.,2,0,0,0,0,0,0,0,0,0,0,0,0
필라테스노원,일치,2026.09.03.,1,0,0,0,0,0,0,0,0,0,0,0,0
필라테스노원,일치,2026.09.06.,1,0,0,0,0,0,0,0,0,0,0,0,0
필라테스노원,일치,2026.09.07.,1,0,0,0,0,0,0,0,0,0,0,0,0
필라테스노원,일치,2026.09.12.,1,0,0,0,0,0,0,0,0,0,0,0,0
필라테스노원,일치,2026.09.17.,1,0,0,0,0,0,0,0,0,0,0,0,0
필라테스노원,일치,2026.09.19.,2,1,50,1502,1502,0,0,0,0,0,0,0,0
필라테스노원,일치,2026.09.21.,3,0,0,0,0,0,0,0,0,0,0,0,0
필라테스노원,일치,2026.09.23.,1,0,0,0,0,0,0,0,0,0,0,0,0
필라테스노원,확장,2026.09.03.,2,0,0,0,0,0,0,0,0,0,0,0,0
필라테스노원,확장,2026.09.04.,1,0,0,0,0,0,0,0,0,0,0,0,0
필라테스노원,확장,2026.09.07.,1,0,0,0,0,0,0,0,0,0,0,0,0
필라테스노원,확장,2026.09.09.,1,0,0,0,0,0,0,0,0,0,0,0,0
필라테스노원,확장,2026.09.13.,1,0,0,0,0,0,0,0,0,0,0,0,0
필라테스노원,확장,2026.09.14.,1,0,0,0,0,0,0,0,0,0,0,0,0
필라테스노원,확장,2026.09.17.,2,1,50,461,461,0,0,0,0,0,0,0,0
필라테스노원,확장,2026.09.19.,1,0,0,0,0,0,0,0,0,0,0,0,0
필라테스노원,확장,2026.09.21.,2,0,0,0,0,0,0,0,0,0,0,0,0
필라테스노원,확장,2026.09.23.,1,0,0,0,0,0,0,0,0,0,0,0,0
필라테스노원,확장,2026.09.25.,1,0,0,0,0,0,0,0,0,0,0,0,0
필라테스노원개인레슨비용,확장,2026.09.03.,1,0,0,0,0,0,0,0,0,0,0,0,0
필라테스노원문의,확장,2026.09.18.,1,0,0,0,0,0,0,0,0,0,0,0,0
필라테스노원역,일치,2026.09.01.,3,0,0,0,0,0,0,0,0,0,0,0,0
필라테스노원역,일치,2026.09.12.,2,0,0,0,0,0,0,0,0,0,0,0,0
필라테스노원역,일치,2026.09.20.,1,0,0,0,0,0,0,0,0,0,0,0,0
필라테스노원역,일치,2026.09.24.,1,1,100,1546,1546,0,0,0,0,0,0,0,0
필라테스노원역,일치(유사검색어),2026.09.20.,1,0,0,0,0,0,0,0,0,0,0,0,0
필라테스노원역,일치(유사검색어),2026.09.24.,1,0,0,0,0,0,0,0,0,0,0,0,0
필라테스노원와우점,확장,2026.09.21.,1,0,0,0,0,0,0,0,0,0,0,0,0
필라테스대관노원,확장,2026.09.14.,1,0,0,0,0,0,0,0,0,0,0,0,0
필라테스레슨해지,확장,2026.09.17.,1,0,0,0,0,0,0,0,0,0,0,0,0
필라테스복전문,확장,2026.09.18.,1,0,0,0,0,0,0,0,0,0,0,0,0
필라테스상계,확장,2026.09.18.,1,0,0,0,0,0,0,0,0,0,0,0,0
필라테스상계동,확장,2026.09.24.,1,0,0,0,0,0,0,0,0,0,0,0,0
필라테스상계동예약,확장,2026.09.22.,1,0,0,0,0,0,0,0,0,0,0,0,0
필라테스상계동추천,확장,2026.09.22.,2,0,0,0,0,0,0,0,0,0,0,0,0
필라테스새로,확장,2026.09.16.,1,0,0,0,0,0,0,0,0,0,0,0,0
필라테스새로,확장,2026.09.21.,1,0,0,0,0,0,0,0,0,0,0,0,0
필라테스새로오픈,확장,2026.09.12.,1,0,0,0,0,0,0,0,0,0,0,0,0
필라테스새로오픈,확장,2026.09.18.,1,0,0,0,0,0,0,0,0,0,0,0,0
필라테스새로오픈평택,확장,2026.09.12.,1,0,0,0,0,0,0,0,0,0,0,0,0
필라테스아름다운상계점,확장,2026.09.21.,1,0,0,0,0,0,0,0,0,0,0,0,0
필라테스안노원,확장,2026.09.19.,1,0,0,0,0,0,0,0,0,0,0,0,0
필라테스안노원,확장,2026.09.24.,1,0,0,0,0,0,0,0,0,0,0,0,0
필라테스안노원역,확장,2026.09.25.,1,0,0,0,0,0,0,0,0,0,0,0,0
필라테스인노원,확장,2026.09.01.,1,0,0,0,0,0,0,0,0,0,0,0,0
필라테스인노원,확장,2026.09.03.,3,0,0,0,0,0,0,0,0,0,0,0,0
필라테스인노원,확장,2026.09.08.,1,0,0,0,0,0,0,0,0,0,0,0,0
필라테스인노원,확장,2026.09.11.,1,0,0,0,0,0,0,0,0,0,0,0,0
필라테스인노원,확장,2026.09.12.,1,0,0,0,0,0,0,0,0,0,0,0,0
필라테스인노원,확장,2026.09.13.,2,0,0,0,0,0,0,0,0,0,0,0,0
필라테스인노원,확장,2026.09.16.,1,0,0,0,0,0,0,0,0,0,0,0,0
필라테스인노원,확장,2026.09.17.,2,0,0,0,0,0,0,0,0,0,0,0,0
필라테스인노원,확장,2026.09.21.,1,0,0,0,0,0,0,0,0,0,0,0,0
필라테스인노원,확장,2026.09.23.,2,0,0,0,0,0,0,0,0,0,0,0,0
필라테스인노원내돈내산,확장,2026.09.23.,1,0,0,0,0,0,0,0,0,0,0,0,0
필라테스정원노원,확장,2026.09.04.,1,0,0,0,0,0,0,0,0,0,0,0,0
필라테스정원노원,확장,2026.09.18.,1,0,0,0,0,0,0,0,0,0,0,0,0
필라테스정원노원,확장,2026.09.19.,1,0,0,0,0,0,0,0,0,0,0,0,0
필라테스정원노원,확장,2026.09.21.,1,0,0,0,0,0,0,0,0,0,0,0,0
필라테스정원노원산전필라테스,확장,2026.09.25.,1,0,0,0,0,0,0,0,0,0,0,0,0
필라테스정원노원점,확장,2026.09.06.,1,0,0,0,0,0,0,0,0,0,0,0,0
필라테스정원노원점가격,확장,2026.09.21.,1,0,0,0,0,0,0,0,0,0,0,0,0
필라테스케이노원,확장,2026.09.09.,1,0,0,0,0,0,0,0,0,0,0,0,0
필라테스케이노원,확장,2026.09.17.,1,0,0,0,0,0,0,0,0,0,0,0,0
필라테스혜윰오픈,확장,2026.09.21.,1,0,0,0,0,0,0,0,0,0,0,0,0
필라테스호,확장,2026.09.20.,1,0,0,0,0,0,0,0,0,0,0,0,0
하계필라테스,확장,2026.09.07.,2,1,50,77,77,0,0,0,0,0,0,0,0
한스노원역,확장,2026.09.24.,1,0,0,0,0,0,0,0,0,0,0,0,0
행사노원구,확장,2026.09.19.,1,0,0,0,0,0,0,0,0,0,0,0,0
