"상세지역 보고서(2026.09.01.~2026.09.25.),2580077"
상세지역,일별,노출수,클릭수,클릭률(%),평균 CPC,총비용,평균노출순위,총 전환수,직접전환수,간접전환수,총 전환율(%),총 전환매출액(원),직접전환매출액(원),간접전환매출액(원),총 전환당비용(원),총 광고수익률(%),구매완료 전환수,구매완료 전환매출액(원),구매완료 광고수익률(%)
-,2026.09.12.,1,0,0,0,0,2,0,0,0,0,0,0,0,0,0,0,0,0
-,2026.09.13.,2,0,0,0,0,3,0,0,0,0,0,0,0,0,0,0,0,0
-,2026.09.16.,1,0,0,0,0,3,0,0,0,0,0,0,0,0,0,0,0,0
-,2026.09.17.,1,0,0,0,0,1,0,0,0,0,0,0,0,0,0,0,0,0
강원특별자치도 강릉시,2026.09.01.,1,0,0,0,0,3,0,0,0,0,0,0,0,0,0,0,0,0
강원특별자치도 강릉시,2026.09.06.,1,0,0,0,0,3,0,0,0,0,0,0,0,0,0,0,0,0
강원특별자치도 강릉시,2026.09.09.,1,0,0,0,0,2,0,0,0,0,0,0,0,0,0,0,0,0
강원특별자치도 강릉시,2026.09.11.,1,0,0,0,0,1,0,0,0,0,0,0,0,0,0,0,0,0
강원특별자치도 고성군,2026.09.01.,1,0,0,0,0,1,0,0,0,0,0,0,0,0,0,0,0,0
강원특별자치도 고성군,2026.09.07.,1,0,0,0,0,1,0,0,0,0,0,0,0,0,0,0,0,0
강원특별자치도 동해시,2026.09.24.,1,0,0,0,0,2,0,0,0,0,0,0,0,0,0,0,0,0
강원특별자치도 삼척시,2026.09.17.,2,0,0,0,0,2,0,0,0,0,0,0,0,0,0,0,0,0
강원특별자치도 원주시,2026.09.09.,4,0,0,0,0,2,0,0,0,0,0,0,0,0,0,0,0,0
강원특별자치도 원주시,2026.09.11.,1,0,0,0,0,1,0,0,0,0,0,0,0,0,0,0,0,0
강원특별자치도 원주시,2026.09.19.,1,0,0,0,0,3,0,0,0,0,0,0,0,0,0,0,0,0
강원특별자치도 원주시,2026.09.23.,4,0,0,0,0,2.8,0,0,0,0,0,0,0,0,0,0,0,0
강원특별자치도 원주시,2026.09.24.,1,0,0,0,0,2,0,0,0,0,0,0,0,0,0,0,0,0
강원특별자치도 철원군,2026.09.16.,3,0,0,0,0,2,0,0,0,0,0,0,0,0,0,0,0,0
강원특별자치도 춘천시,2026.09.01.,1,0,0,0,0,2,0,0,0,0,0,0,0,0,0,0,0,0
강원특별자치도 춘천시,2026.09.19.,1,0,0,0,0,2,0,0,0,0,0,0,0,0,0,0,0,0
강원특별자치도 춘천시,2026.09.22.,1,0,0,0,0,2,0,0,0,0,0,0,0,0,0,0,0,0
강원특별자치도 춘천시,2026.09.25.,1,0,0,0,0,1,0,0,0,0,0,0,0,0,0,0,0,0
강원특별자치도 횡성군,2026.09.08.,1,0,0,0,0,1,0,0,0,0,0,0,0,0,0,0,0,0
강원특별자치도 횡성군,2026.09.21.,1,0,0,0,0,1,0,0,0,0,0,0,0,0,0,0,0,0
경기도 가평군,2026.09.06.,1,0,0,0,0,1,0,0,0,0,0,0,0,0,0,0,0,0
경기도 가평군,2026.09.09.,4,2,50,584,1168,2.5,0,0,0,0,0,0,0,0,0,0,0,0
경기도 가평군,2026.09.10.,1,0,0,0,0,1,0,0,0,0,0,0,0,0,0,0,0,0
경기도 가평군,2026.09.13.,1,0,0,0,0,2,0,0,0,0,0,0,0,0,0,0,0,0
경기도 고양시 덕양구,2026.09.01.,1,0,0,0,0,3,0,0,0,0,0,0,0,0,0,0,0,0
경기도 고양시 덕양구,2026.09.04.,1,0,0,0,0,2,0,0,0,0,0,0,0,0,0,0,0,0
경기도 고양시 덕양구,2026.09.06.,2,0,0,0,0,2,0,0,0,0,0,0,0,0,0,0,0,0
경기도 고양시 덕양구,2026.09.08.,1,0,0,0,0,2,0,0,0,0,0,0,0,0,0,0,0,0
경기도 고양시 덕양구,2026.09.13.,1,0,0,0,0,1,0,0,0,0,0,0,0,0,0,0,0,0
경기도 고양시 덕양구,2026.09.14.,2,0,0,0,0,1,0,0,0,0,0,0,0,0,0,0,0,0
경기도 고양시 덕양구,2026.09.18.,1,0,0,0,0,2,0,0,0,0,0,0,0,0,0,0,0,0
경기도 고양시 일산동구,2026.09.01.,1,0,0,0,0,2,0,0,0,0,0,0,0,0,0,0,0,0
경기도 고양시 일산동구,2026.09.02.,6,1,16.67,1280,1280,3.8,0,0,0,0,0,0,0,0,0,0,0,0
경기도 고양시 일산동구,2026.09.03.,3,0,0,0,0,2,0,0,0,0,0,0,0,0,0,0,0,0
경기도 고양시 일산동구,2026.09.04.,1,0,0,0,0,2,0,0,0,0,0,0,0,0,0,0,0,0
경기도 고양시 일산동구,2026.09.08.,1,0,0,0,0,1,0,0,0,0,0,0,0,0,0,0,0,0
경기도 고양시 일산동구,2026.09.17.,1,0,0,0,0,1,0,0,0,0,0,0,0,0,0,0,0,0
경기도 고양시 일산서구,2026.09.01.,3,0,0,0,0,3,0,0,0,0,0,0,0,0,0,0,0,0
경기도 고양시 일산서구,2026.09.02.,6,0,0,0,0,2.5,0,0,0,0,0,0,0,0,0,0,0,0
경기도 고양시 일산서구,2026.09.03.,2,0,0,0,0,1.5,0,0,0,0,0,0,0,0,0,0,0,0
경기도 고양시 일산서구,2026.09.04.,1,0,0,0,0,2,0,0,0,0,0,0,0,0,0,0,0,0
경기도 고양시 일산서구,2026.09.05.,2,0,0,0,0,1.5,0,0,0,0,0,0,0,0,0,0,0,0
경기도 고양시 일산서구,2026.09.06.,3,0,0,0,0,2,0,0,0,0,0,0,0,0,0,0,0,0
경기도 고양시 일산서구,2026.09.08.,10,0,0,0,0,2.3,0,0,0,0,0,0,0,0,0,0,0,0
경기도 고양시 일산서구,2026.09.09.,4,0,0,0,0,1.8,0,0,0,0,0,0,0,0,0,0,0,0
경기도 고양시 일산서구,2026.09.11.,2,0,0,0,0,1.5,0,0,0,0,0,0,0,0,0,0,0,0
경기도 고양시 일산서구,2026.09.13.,9,0,0,0,0,1.7,0,0,0,0,0,0,0,0,0,0,0,0
경기도 고양시 일산서구,2026.09.14.,2,0,0,0,0,2.5,0,0,0,0,0,0,0,0,0,0,0,0
경기도 고양시 일산서구,2026.09.15.,8,0,0,0,0,1.6,0,0,0,0,0,0,0,0,0,0,0,0
경기도 고양시 일산서구,2026.09.16.,2,0,0,0,0,1.5,0,0,0,0,0,0,0,0,0,0,0,0
경기도 고양시 일산서구,2026.09.17.,4,0,0,0,0,2.3,0,0,0,0,0,0,0,0,0,0,0,0
경기도 고양시 일산서구,2026.09.19.,3,0,0,0,0,2.3,0,0,0,0,0,0,0,0,0,0,0,0
경기도 고양시 일산서구,2026.09.20.,7,0,0,0,0,1.3,0,0,0,0,0,0,0,0,0,0,0,0
경기도 고양시 일산서구,2026.09.23.,7,0,0,0,0,1.9,0,0,0,0,0,0,0,0,0,0,0,0
경기도 고양시 일산서구,2026.09.24.,2,0,0,0,0,2,0,0,0,0,0,0,0,0,0,0,0,0
경기도 과천시,2026.09.07.,1,0,0,0,0,4,0,0,0,0,0,0,0,0,0,0,0,0
경기도 광명시,2026.09.06.,1,0,0,0,0,4,0,0,0,0,0,0,0,0,0,0,0,0
경기도 광주시,2026.09.01.,1,0,0,0,0,3,0,0,0,0,0,0,0,0,0,0,0,0
경기도 광주시,2026.09.02.,2,0,0,0,0,2.5,0,0,0,0,0,0,0,0,0,0,0,0
경기도 광주시,2026.09.08.,2,0,0,0,0,2,0,0,0,0,0,0,0,0,0,0,0,0
경기도 광주시,2026.09.19.,4,0,0,0,0,3,0,0,0,0,0,0,0,0,0,0,0,0
경기도 구리시,2026.09.01.,1,0,0,0,0,1,0,0,0,0,0,0,0,0,0,0,0,0
경기도 구리시,2026.09.02.,1,0,0,0,0,3,0,0,0,0,0,0,0,0,0,0,0,0
경기도 구리시,2026.09.04.,1,0,0,0,0,2,0,0,0,0,0,0,0,0,0,0,0,0
경기도 구리시,2026.09.05.,1,0,0,0,0,1,0,0,0,0,0,0,0,0,0,0,0,0
경기도 구리시,2026.09.08.,4,0,0,0,0,2,0,0,0,0,0,0,0,0,0,0,0,0
경기도 구리시,2026.09.09.,1,0,0,0,0,5,0,0,0,0,0,0,0,0,0,0,0,0
경기도 구리시,2026.09.12.,2,1,50,323,323,2,0,0,0,0,0,0,0,0,0,0,0,0
경기도 구리시,2026.09.13.,1,0,0,0,0,3,0,0,0,0,0,0,0,0,0,0,0,0
경기도 구리시,2026.09.21.,6,0,0,0,0,2,0,0,0,0,0,0,0,0,0,0,0,0
경기도 구리시,2026.09.22.,1,0,0,0,0,3,0,0,0,0,0,0,0,0,0,0,0,0
경기도 구리시,2026.09.24.,1,0,0,0,0,1,0,0,0,0,0,0,0,0,0,0,0,0
경기도 군포시,2026.09.01.,3,0,0,0,0,3.7,0,0,0,0,0,0,0,0,0,0,0,0
경기도 군포시,2026.09.12.,1,0,0,0,0,1,0,0,0,0,0,0,0,0,0,0,0,0
경기도 군포시,2026.09.22.,1,0,0,0,0,1,0,0,0,0,0,0,0,0,0,0,0,0
경기도 군포시,2026.09.24.,1,0,0,0,0,2,0,0,0,0,0,0,0,0,0,0,0,0
경기도 김포시,2026.09.04.,1,0,0,0,0,2,0,0,0,0,0,0,0,0,0,0,0,0
경기도 김포시,2026.09.05.,1,0,0,0,0,2,0,0,0,0,0,0,0,0,0,0,0,0
경기도 김포시,2026.09.06.,1,0,0,0,0,3,0,0,0,0,0,0,0,0,0,0,0,0
경기도 김포시,2026.09.08.,1,0,0,0,0,1,0,0,0,0,0,0,0,0,0,0,0,0
경기도 김포시,2026.09.09.,1,0,0,0,0,3,0,0,0,0,0,0,0,0,0,0,0,0
경기도 김포시,2026.09.11.,1,0,0,0,0,3,0,0,0,0,0,0,0,0,0,0,0,0
경기도 김포시,2026.09.12.,1,0,0,0,0,2,0,0,0,0,0,0,0,0,0,0,0,0
경기도 김포시,2026.09.14.,1,0,0,0,0,3,0,0,0,0,0,0,0,0,0,0,0,0
경기도 김포시,2026.09.15.,1,0,0,0,0,2,0,0,0,0,0,0,0,0,0,0,0,0
경기도 남양주시,2026.09.01.,1,0,0,0,0,2,0,0,0,0,0,0,0,0,0,0,0,0
경기도 남양주시,2026.09.02.,6,0,0,0,0,2.3,0,0,0,0,0,0,0,0,0,0,0,0
경기도 남양주시,2026.09.03.,5,1,20,1198,1198,2.6,0,0,0,0,0,0,0,0,0,0,0,0
경기도 남양주시,2026.09.04.,3,1,33.33,1215,1215,4,0,0,0,0,0,0,0,0,0,0,0,0
경기도 남양주시,2026.09.05.,12,1,8.33,242,242,3.8,0,0,0,0,0,0,0,0,0,0,0,0
경기도 남양주시,2026.09.06.,5,0,0,0,0,2.2,0,0,0,0,0,0,0,0,0,0,0,0
경기도 남양주시,2026.09.07.,4,0,0,0,0,2.8,0,0,0,0,0,0,0,0,0,0,0,0
경기도 남양주시,2026.09.08.,2,1,50,1322,1322,2.5,0,0,0,0,0,0,0,0,0,0,0,0
경기도 남양주시,2026.09.09.,8,1,12.5,649,649,1.3,0,0,0,0,0,0,0,0,0,0,0,0
경기도 남양주시,2026.09.10.,2,0,0,0,0,2,0,0,0,0,0,0,0,0,0,0,0,0
경기도 남양주시,2026.09.11.,2,0,0,0,0,2,0,0,0,0,0,0,0,0,0,0,0,0
경기도 남양주시,2026.09.12.,7,0,0,0,0,1.6,0,0,0,0,0,0,0,0,0,0,0,0
경기도 남양주시,2026.09.13.,6,1,16.67,1609,1609,1.5,0,0,0,0,0,0,0,0,0,0,0,0
경기도 남양주시,2026.09.14.,12,1,8.33,1602,1602,2.3,0,0,0,0,0,0,0,0,0,0,0,0
경기도 남양주시,2026.09.15.,3,0,0,0,0,2.7,0,0,0,0,0,0,0,0,0,0,0,0
경기도 남양주시,2026.09.16.,2,0,0,0,0,1,0,0,0,0,0,0,0,0,0,0,0,0
경기도 남양주시,2026.09.17.,4,0,0,0,0,1.5,0,0,0,0,0,0,0,0,0,0,0,0
경기도 남양주시,2026.09.18.,1,0,0,0,0,2,0,0,0,0,0,0,0,0,0,0,0,0
경기도 남양주시,2026.09.19.,2,0,0,0,0,3,0,0,0,0,0,0,0,0,0,0,0,0
경기도 남양주시,2026.09.20.,3,0,0,0,0,1.3,0,0,0,0,0,0,0,0,0,0,0,0
경기도 남양주시,2026.09.21.,4,0,0,0,0,2,0,0,0,0,0,0,0,0,0,0,0,0
경기도 남양주시,2026.09.22.,8,1,12.5,1690,1690,1.6,0,0,0,0,0,0,0,0,0,0,0,0
경기도 남양주시,2026.09.23.,2,0,0,0,0,2.5,0,0,0,0,0,0,0,0,0,0,0,0
경기도 남양주시,2026.09.24.,3,0,0,0,0,1.7,0,0,0,0,0,0,0,0,0,0,0,0
경기도 동두천시,2026.09.09.,1,0,0,0,0,8,0,0,0,0,0,0,0,0,0,0,0,0
경기도 동두천시,2026.09.11.,1,0,0,0,0,1,0,0,0,0,0,0,0,0,0,0,0,0
경기도 동두천시,2026.09.22.,1,0,0,0,0,2,0,0,0,0,0,0,0,0,0,0,0,0
경기도 동두천시,2026.09.24.,2,0,0,0,0,3,0,0,0,0,0,0,0,0,0,0,0,0
경기도 부천시 소사구,2026.09.01.,1,0,0,0,0,3,0,0,0,0,0,0,0,0,0,0,0,0
경기도 부천시 소사구,2026.09.02.,1,0,0,0,0,1,0,0,0,0,0,0,0,0,0,0,0,0
경기도 부천시 소사구,2026.09.05.,1,0,0,0,0,2,0,0,0,0,0,0,0,0,0,0,0,0
경기도 부천시 오정구,2026.09.19.,2,0,0,0,0,3.5,0,0,0,0,0,0,0,0,0,0,0,0
경기도 부천시 원미구,2026.09.02.,1,0,0,0,0,2,0,0,0,0,0,0,0,0,0,0,0,0
경기도 부천시 원미구,2026.09.05.,3,0,0,0,0,2,0,0,0,0,0,0,0,0,0,0,0,0
경기도 부천시 원미구,2026.09.07.,1,0,0,0,0,2,0,0,0,0,0,0,0,0,0,0,0,0
경기도 부천시 원미구,2026.09.09.,1,0,0,0,0,2,0,0,0,0,0,0,0,0,0,0,0,0
경기도 부천시 원미구,2026.09.22.,26,0,0,0,0,3.9,0,0,0,0,0,0,0,0,0,0,0,0
경기도 부천시 원미구,2026.09.25.,1,0,0,0,0,2,0,0,0,0,0,0,0,0,0,0,0,0
경기도 성남시 분당구,2026.09.01.,7,0,0,0,0,1,0,0,0,0,0,0,0,0,0,0,0,0
경기도 성남시 분당구,2026.09.02.,2,0,0,0,0,1,0,0,0,0,0,0,0,0,0,0,0,0
경기도 성남시 분당구,2026.09.04.,3,0,0,0,0,1.7,0,0,0,0,0,0,0,0,0,0,0,0
경기도 성남시 분당구,2026.09.05.,5,0,0,0,0,1,0,0,0,0,0,0,0,0,0,0,0,0
경기도 성남시 분당구,2026.09.06.,1,0,0,0,0,1,0,0,0,0,0,0,0,0,0,0,0,0
경기도 성남시 분당구,2026.09.07.,2,0,0,0,0,1.5,0,0,0,0,0,0,0,0,0,0,0,0
경기도 성남시 분당구,2026.09.09.,2,0,0,0,0,3,0,0,0,0,0,0,0,0,0,0,0,0
경기도 성남시 분당구,2026.09.11.,3,0,0,0,0,2,0,0,0,0,0,0,0,0,0,0,0,0
경기도 성남시 분당구,2026.09.15.,1,0,0,0,0,1,0,0,0,0,0,0,0,0,0,0,0,0
경기도 성남시 분당구,2026.09.16.,1,0,0,0,0,2,0,0,0,0,0,0,0,0,0,0,0,0
경기도 성남시 분당구,2026.09.17.,2,0,0,0,0,2,0,0,0,0,0,0,0,0,0,0,0,0
경기도 성남시 분당구,2026.09.23.,1,0,0,0,0,1,0,0,0,0,0,0,0,0,0,0,0,0
경기도 성남시 수정구,2026.09.01.,8,0,0,0,0,1.1,0,0,0,0,0,0,0,0,0,0,0,0
경기도 성남시 수정구,2026.09.02.,5,0,0,0,0,1.6,0,0,0,0,0,0,0,0,0,0,0,0
경기도 성남시 수정구,2026.09.03.,2,0,0,0,0,1,0,0,0,0,0,0,0,0,0,0,0,0
경기도 성남시 수정구,2026.09.04.,4,0,0,0,0,1.5,0,0,0,0,0,0,0,0,0,0,0,0
경기도 성남시 수정구,2026.09.05.,2,0,0,0,0,1,0,0,0,0,0,0,0,0,0,0,0,0
경기도 성남시 수정구,2026.09.06.,1,0,0,0,0,3,0,0,0,0,0,0,0,0,0,0,0,0
경기도 성남시 수정구,2026.09.07.,5,0,0,0,0,2.6,0,0,0,0,0,0,0,0,0,0,0,0
경기도 성남시 수정구,2026.09.08.,9,0,0,0,0,1.3,0,0,0,0,0,0,0,0,0,0,0,0
경기도 성남시 수정구,2026.09.09.,7,0,0,0,0,1,0,0,0,0,0,0,0,0,0,0,0,0
경기도 성남시 수정구,2026.09.10.,3,0,0,0,0,2.3,0,0,0,0,0,0,0,0,0,0,0,0
경기도 성남시 수정구,2026.09.11.,3,0,0,0,0,1,0,0,0,0,0,0,0,0,0,0,0,0
경기도 성남시 수정구,2026.09.13.,2,0,0,0,0,1,0,0,0,0,0,0,0,0,0,0,0,0
경기도 성남시 수정구,2026.09.14.,7,0,0,0,0,1.4,0,0,0,0,0,0,0,0,0,0,0,0
경기도 성남시 수정구,2026.09.15.,7,0,0,0,0,1,0,0,0,0,0,0,0,0,0,0,0,0
경기도 성남시 수정구,2026.09.16.,5,0,0,0,0,1.4,0,0,0,0,0,0,0,0,0,0,0,0
경기도 성남시 수정구,2026.09.17.,6,0,0,0,0,1,0,0,0,0,0,0,0,0,0,0,0,0
경기도 성남시 수정구,2026.09.18.,6,0,0,0,0,1.2,0,0,0,0,0,0,0,0,0,0,0,0
경기도 성남시 수정구,2026.09.19.,4,0,0,0,0,1.3,0,0,0,0,0,0,0,0,0,0,0,0
경기도 성남시 수정구,2026.09.20.,3,0,0,0,0,1.3,0,0,0,0,0,0,0,0,0,0,0,0
경기도 성남시 수정구,2026.09.21.,5,0,0,0,0,1,0,0,0,0,0,0,0,0,0,0,0,0
경기도 성남시 수정구,2026.09.22.,9,0,0,0,0,1.4,0,0,0,0,0,0,0,0,0,0,0,0
경기도 성남시 수정구,2026.09.23.,8,0,0,0,0,1,0,0,0,0,0,0,0,0,0,0,0,0
경기도 성남시 수정구,2026.09.24.,5,0,0,0,0,1.8,0,0,0,0,0,0,0,0,0,0,0,0
경기도 성남시 수정구,2026.09.25.,1,0,0,0,0,1,0,0,0,0,0,0,0,0,0,0,0,0
경기도 성남시 중원구,2026.09.02.,1,0,0,0,0,2,0,0,0,0,0,0,0,0,0,0,0,0
경기도 성남시 중원구,2026.09.05.,1,0,0,0,0,2,0,0,0,0,0,0,0,0,0,0,0,0
경기도 성남시 중원구,2026.09.23.,2,0,0,0,0,1,0,0,0,0,0,0,0,0,0,0,0,0
경기도 성남시 중원구,2026.09.24.,1,0,0,0,0,2,0,0,0,0,0,0,0,0,0,0,0,0
경기도 수원시 권선구,2026.09.22.,1,0,0,0,0,2,0,0,0,0,0,0,0,0,0,0,0,0
경기도 수원시 영통구,2026.09.01.,1,0,0,0,0,4,0,0,0,0,0,0,0,0,0,0,0,0
경기도 수원시 영통구,2026.09.09.,1,0,0,0,0,4,0,0,0,0,0,0,0,0,0,0,0,0
경기도 수원시 영통구,2026.09.12.,1,0,0,0,0,1,0,0,0,0,0,0,0,0,0,0,0,0
경기도 수원시 영통구,2026.09.17.,2,0,0,0,0,1.5,0,0,0,0,0,0,0,0,0,0,0,0
경기도 수원시 장안구,2026.09.01.,2,0,0,0,0,2.5,0,0,0,0,0,0,0,0,0,0,0,0
경기도 수원시 장안구,2026.09.09.,1,0,0,0,0,1,0,0,0,0,0,0,0,0,0,0,0,0
경기도 수원시 팔달구,2026.09.01.,1,0,0,0,0,2,0,0,0,0,0,0,0,0,0,0,0,0
경기도 수원시 팔달구,2026.09.12.,1,0,0,0,0,1,0,0,0,0,0,0,0,0,0,0,0,0
경기도 시흥시,2026.09.01.,1,0,0,0,0,4,0,0,0,0,0,0,0,0,0,0,0,0
경기도 시흥시,2026.09.09.,2,0,0,0,0,2,0,0,0,0,0,0,0,0,0,0,0,0
경기도 시흥시,2026.09.21.,1,0,0,0,0,1,0,0,0,0,0,0,0,0,0,0,0,0
경기도 안산시 단원구,2026.09.01.,1,0,0,0,0,3,0,0,0,0,0,0,0,0,0,0,0,0
경기도 안산시 단원구,2026.09.14.,2,0,0,0,0,3,0,0,0,0,0,0,0,0,0,0,0,0
경기도 안산시 단원구,2026.09.21.,1,0,0,0,0,2,0,0,0,0,0,0,0,0,0,0,0,0
경기도 안성시,2026.09.01.,1,0,0,0,0,3,0,0,0,0,0,0,0,0,0,0,0,0
경기도 안성시,2026.09.18.,2,0,0,0,0,2,0,0,0,0,0,0,0,0,0,0,0,0
경기도 안성시,2026.09.19.,1,0,0,0,0,2,0,0,0,0,0,0,0,0,0,0,0,0
경기도 안성시,2026.09.20.,1,0,0,0,0,1,0,0,0,0,0,0,0,0,0,0,0,0
경기도 안양시 동안구,2026.09.01.,3,0,0,0,0,3,0,0,0,0,0,0,0,0,0,0,0,0
경기도 안양시 동안구,2026.09.02.,1,0,0,0,0,3,0,0,0,0,0,0,0,0,0,0,0,0
경기도 안양시 동안구,2026.09.25.,1,0,0,0,0,3,0,0,0,0,0,0,0,0,0,0,0,0
경기도 안양시 만안구,2026.09.22.,1,0,0,0,0,1,0,0,0,0,0,0,0,0,0,0,0,0
경기도 안양시 만안구,2026.09.24.,8,0,0,0,0,2.4,0,0,0,0,0,0,0,0,0,0,0,0
경기도 양주시,2026.09.03.,1,1,100,1116,1116,1,0,0,0,0,0,0,0,0,0,0,0,0
경기도 양주시,2026.09.04.,3,0,0,0,0,2,0,0,0,0,0,0,0,0,0,0,0,0
경기도 양주시,2026.09.05.,3,0,0,0,0,1.7,0,0,0,0,0,0,0,0,0,0,0,0
경기도 양주시,2026.09.08.,3,0,0,0,0,2,0,0,0,0,0,0,0,0,0,0,0,0
경기도 양주시,2026.09.09.,3,0,0,0,0,2.3,0,0,0,0,0,0,0,0,0,0,0,0
경기도 양주시,2026.09.10.,1,0,0,0,0,3,0,0,0,0,0,0,0,0,0,0,0,0
경기도 양주시,2026.09.11.,1,0,0,0,0,1,0,0,0,0,0,0,0,0,0,0,0,0
경기도 양주시,2026.09.12.,1,0,0,0,0,1,0,0,0,0,0,0,0,0,0,0,0,0
경기도 양주시,2026.09.13.,3,0,0,0,0,2,0,0,0,0,0,0,0,0,0,0,0,0
경기도 양주시,2026.09.14.,1,0,0,0,0,1,0,0,0,0,0,0,0,0,0,0,0,0
경기도 양주시,2026.09.15.,4,0,0,0,0,1.3,0,0,0,0,0,0,0,0,0,0,0,0
경기도 양주시,2026.09.17.,4,0,0,0,0,2.3,0,0,0,0,0,0,0,0,0,0,0,0
경기도 양주시,2026.09.18.,2,0,0,0,0,3.5,0,0,0,0,0,0,0,0,0,0,0,0
경기도 양주시,2026.09.19.,1,0,0,0,0,2,0,0,0,0,0,0,0,0,0,0,0,0
경기도 양주시,2026.09.20.,1,0,0,0,0,1,0,0,0,0,0,0,0,0,0,0,0,0
경기도 양주시,2026.09.21.,1,0,0,0,0,3,0,0,0,0,0,0,0,0,0,0,0,0
경기도 양주시,2026.09.22.,3,1,33.33,1434,1434,1.7,0,0,0,0,0,0,0,0,0,0,0,0
경기도 양주시,2026.09.23.,1,0,0,0,0,7,0,0,0,0,0,0,0,0,0,0,0,0
경기도 양주시,2026.09.24.,9,1,11.11,1546,1546,2.6,0,0,0,0,0,0,0,0,0,0,0,0
경기도 양주시,2026.09.25.,10,0,0,0,0,1.9,0,0,0,0,0,0,0,0,0,0,0,0
경기도 양평군,2026.09.06.,1,0,0,0,0,3,0,0,0,0,0,0,0,0,0,0,0,0
경기도 양평군,2026.09.09.,9,0,0,0,0,3,0,0,0,0,0,0,0,0,0,0,0,0
경기도 양평군,2026.09.24.,1,0,0,0,0,3,0,0,0,0,0,0,0,0,0,0,0,0
경기도 양평군,2026.09.25.,2,0,0,0,0,1.5,0,0,0,0,0,0,0,0,0,0,0,0
경기도 여주시,2026.09.02.,1,0,0,0,0,1,0,0,0,0,0,0,0,0,0,0,0,0
경기도 여주시,2026.09.09.,2,0,0,0,0,1,0,0,0,0,0,0,0,0,0,0,0,0
경기도 오산시,2026.09.09.,2,1,50,1343,1343,2.5,0,0,0,0,0,0,0,0,0,0,0,0
경기도 오산시,2026.09.10.,1,0,0,0,0,1,0,0,0,0,0,0,0,0,0,0,0,0
경기도 오산시,2026.09.12.,2,0,0,0,0,2,0,0,0,0,0,0,0,0,0,0,0,0
경기도 오산시,2026.09.22.,1,0,0,0,0,3,0,0,0,0,0,0,0,0,0,0,0,0
경기도 용인시 기흥구,2026.09.01.,1,0,0,0,0,3,0,0,0,0,0,0,0,0,0,0,0,0
경기도 용인시 기흥구,2026.09.09.,1,0,0,0,0,1,0,0,0,0,0,0,0,0,0,0,0,0
경기도 용인시 기흥구,2026.09.22.,1,0,0,0,0,2,0,0,0,0,0,0,0,0,0,0,0,0
경기도 용인시 기흥구,2026.09.24.,1,0,0,0,0,3,0,0,0,0,0,0,0,0,0,0,0,0
경기도 용인시 수지구,2026.09.06.,2,0,0,0,0,2,0,0,0,0,0,0,0,0,0,0,0,0
경기도 용인시 수지구,2026.09.07.,6,0,0,0,0,3.5,0,0,0,0,0,0,0,0,0,0,0,0
경기도 용인시 수지구,2026.09.09.,2,0,0,0,0,2,0,0,0,0,0,0,0,0,0,0,0,0
경기도 용인시 수지구,2026.09.18.,1,0,0,0,0,2,0,0,0,0,0,0,0,0,0,0,0,0
경기도 용인시 처인구,2026.09.01.,1,0,0,0,0,4,0,0,0,0,0,0,0,0,0,0,0,0
경기도 용인시 처인구,2026.09.14.,2,0,0,0,0,1,0,0,0,0,0,0,0,0,0,0,0,0
경기도 용인시 처인구,2026.09.16.,1,0,0,0,0,2,0,0,0,0,0,0,0,0,0,0,0,0
경기도 용인시 처인구,2026.09.22.,1,0,0,0,0,2,0,0,0,0,0,0,0,0,0,0,0,0
경기도 용인시 처인구,2026.09.23.,1,0,0,0,0,2,0,0,0,0,0,0,0,0,0,0,0,0
경기도 용인시 처인구,2026.09.24.,1,0,0,0,0,2,0,0,0,0,0,0,0,0,0,0,0,0
경기도 용인시 처인구,2026.09.25.,2,0,0,0,0,1,0,0,0,0,0,0,0,0,0,0,0,0
경기도 의왕시,2026.09.01.,1,0,0,0,0,4,0,0,0,0,0,0,0,0,0,0,0,0
경기도 의왕시,2026.09.24.,1,0,0,0,0,2,0,0,0,0,0,0,0,0,0,0,0,0
경기도 의정부시,2026.09.01.,3,0,0,0,0,2.3,0,0,0,0,0,0,0,0,0,0,0,0
경기도 의정부시,2026.09.02.,5,0,0,0,0,2.4,0,0,0,0,0,0,0,0,0,0,0,0
경기도 의정부시,2026.09.03.,6,0,0,0,0,1.7,0,0,0,0,0,0,0,0,0,0,0,0
경기도 의정부시,2026.09.04.,5,0,0,0,0,2.8,0,0,0,0,0,0,0,0,0,0,0,0
경기도 의정부시,2026.09.05.,2,0,0,0,0,3,0,0,0,0,0,0,0,0,0,0,0,0
경기도 의정부시,2026.09.06.,5,0,0,0,0,2,0,0,0,0,0,0,0,0,0,0,0,0
경기도 의정부시,2026.09.07.,2,0,0,0,0,1,0,0,0,0,0,0,0,0,0,0,0,0
경기도 의정부시,2026.09.08.,1,0,0,0,0,2,0,0,0,0,0,0,0,0,0,0,0,0
경기도 의정부시,2026.09.09.,9,0,0,0,0,2.7,0,0,0,0,0,0,0,0,0,0,0,0
경기도 의정부시,2026.09.10.,4,0,0,0,0,1.8,0,0,0,0,0,0,0,0,0,0,0,0
경기도 의정부시,2026.09.11.,4,0,0,0,0,2.3,0,0,0,0,0,0,0,0,0,0,0,0
경기도 의정부시,2026.09.12.,5,0,0,0,0,1.6,0,0,0,0,0,0,0,0,0,0,0,0
경기도 의정부시,2026.09.13.,3,0,0,0,0,1.7,0,0,0,0,0,0,0,0,0,0,0,0
경기도 의정부시,2026.09.14.,4,0,0,0,0,2.3,0,0,0,0,0,0,0,0,0,0,0,0
경기도 의정부시,2026.09.15.,8,1,12.5,715,715,2.4,0,0,0,0,0,0,0,0,0,0,0,0
경기도 의정부시,2026.09.16.,3,0,0,0,0,2.7,0,0,0,0,0,0,0,0,0,0,0,0
경기도 의정부시,2026.09.17.,7,0,0,0,0,4.7,0,0,0,0,0,0,0,0,0,0,0,0
경기도 의정부시,2026.09.18.,4,0,0,0,0,2.5,0,0,0,0,0,0,0,0,0,0,0,0
경기도 의정부시,2026.09.19.,10,1,10,1658,1658,1,0,0,0,0,0,0,0,0,0,0,0,0
경기도 의정부시,2026.09.20.,3,0,0,0,0,1.7,0,0,0,0,0,0,0,0,0,0,0,0
경기도 의정부시,2026.09.21.,4,0,0,0,0,1.5,0,0,0,0,0,0,0,0,0,0,0,0
경기도 의정부시,2026.09.22.,3,0,0,0,0,2,0,0,0,0,0,0,0,0,0,0,0,0
경기도 의정부시,2026.09.23.,3,0,0,0,0,1.3,0,0,0,0,0,0,0,0,0,0,0,0
경기도 의정부시,2026.09.24.,4,0,0,0,0,3.8,0,0,0,0,0,0,0,0,0,0,0,0
경기도 의정부시,2026.09.25.,8,2,25,1597,3193,1.8,0,0,0,0,0,0,0,0,0,0,0,0
경기도 이천시,2026.09.04.,2,0,0,0,0,2,0,0,0,0,0,0,0,0,0,0,0,0
경기도 이천시,2026.09.11.,1,0,0,0,0,1,0,0,0,0,0,0,0,0,0,0,0,0
경기도 파주시,2026.09.01.,2,0,0,0,0,2,0,0,0,0,0,0,0,0,0,0,0,0
경기도 파주시,2026.09.03.,1,0,0,0,0,1,0,0,0,0,0,0,0,0,0,0,0,0
경기도 파주시,2026.09.04.,1,0,0,0,0,2,0,0,0,0,0,0,0,0,0,0,0,0
경기도 파주시,2026.09.05.,6,1,16.67,953,953,2,0,0,0,0,0,0,0,0,0,0,0,0
경기도 파주시,2026.09.07.,1,0,0,0,0,1,0,0,0,0,0,0,0,0,0,0,0,0
경기도 파주시,2026.09.09.,4,0,0,0,0,2.8,0,0,0,0,0,0,0,0,0,0,0,0
경기도 파주시,2026.09.16.,3,0,0,0,0,2.3,0,0,0,0,0,0,0,0,0,0,0,0
경기도 파주시,2026.09.17.,3,0,0,0,0,1.7,0,0,0,0,0,0,0,0,0,0,0,0
경기도 파주시,2026.09.20.,1,0,0,0,0,1,0,0,0,0,0,0,0,0,0,0,0,0
경기도 파주시,2026.09.22.,4,0,0,0,0,2,0,0,0,0,0,0,0,0,0,0,0,0
경기도 파주시,2026.09.23.,2,0,0,0,0,3.5,0,0,0,0,0,0,0,0,0,0,0,0
경기도 평택시,2026.09.02.,1,0,0,0,0,1,0,0,0,0,0,0,0,0,0,0,0,0
경기도 평택시,2026.09.05.,1,0,0,0,0,2,0,0,0,0,0,0,0,0,0,0,0,0
경기도 평택시,2026.09.08.,1,0,0,0,0,2,0,0,0,0,0,0,0,0,0,0,0,0
경기도 평택시,2026.09.12.,2,0,0,0,0,2.5,0,0,0,0,0,0,0,0,0,0,0,0
경기도 평택시,2026.09.14.,2,0,0,0,0,1,0,0,0,0,0,0,0,0,0,0,0,0
경기도 평택시,2026.09.21.,2,0,0,0,0,5.5,0,0,0,0,0,0,0,0,0,0,0,0
경기도 평택시,2026.09.23.,5,0,0,0,0,3.6,0,0,0,0,0,0,0,0,0,0,0,0
경기도 평택시,2026.09.24.,1,0,0,0,0,3,0,0,0,0,0,0,0,0,0,0,0,0
경기도 평택시,2026.09.25.,1,0,0,0,0,1,0,0,0,0,0,0,0,0,0,0,0,0
경기도 포천시,2026.09.01.,1,0,0,0,0,3,0,0,0,0,0,0,0,0,0,0,0,0
경기도 포천시,2026.09.02.,1,0,0,0,0,2,0,0,0,0,0,0,0,0,0,0,0,0
경기도 포천시,2026.09.05.,1,0,0,0,0,2,0,0,0,0,0,0,0,0,0,0,0,0
경기도 포천시,2026.09.07.,1,0,0,0,0,1,0,0,0,0,0,0,0,0,0,0,0,0
경기도 포천시,2026.09.08.,1,0,0,0,0,4,0,0,0,0,0,0,0,0,0,0,0,0
경기도 포천시,2026.09.10.,1,1,100,346,346,2,0,0,0,0,0,0,0,0,0,0,0,0
경기도 포천시,2026.09.11.,5,0,0,0,0,2.8,0,0,0,0,0,0,0,0,0,0,0,0
경기도 포천시,2026.09.14.,1,0,0,0,0,3,0,0,0,0,0,0,0,0,0,0,0,0
경기도 포천시,2026.09.15.,4,0,0,0,0,2,0,0,0,0,0,0,0,0,0,0,0,0
경기도 포천시,2026.09.19.,1,0,0,0,0,4,0,0,0,0,0,0,0,0,0,0,0,0
경기도 포천시,2026.09.20.,1,0,0,0,0,2,0,0,0,0,0,0,0,0,0,0,0,0
경기도 포천시,2026.09.21.,1,0,0,0,0,1,0,0,0,0,0,0,0,0,0,0,0,0
경기도 하남시,2026.09.11.,1,0,0,0,0,1,0,0,0,0,0,0,0,0,0,0,0,0
경기도 하남시,2026.09.12.,1,0,0,0,0,1,0,0,0,0,0,0,0,0,0,0,0,0
경기도 하남시,2026.09.17.,1,0,0,0,0,1,0,0,0,0,0,0,0,0,0,0,0,0
경기도 하남시,2026.09.20.,1,0,0,0,0,1,0,0,0,0,0,0,0,0,0,0,0,0
경기도 하남시,2026.09.21.,1,0,0,0,0,1,0,0,0,0,0,0,0,0,0,0,0,0
경기도 하남시,2026.09.22.,2,1,50,1759,1759,3.5,0,0,0,0,0,0,0,0,0,0,0,0
경기도 화성시 동탄구,2026.09.01.,1,0,0,0,0,3,0,0,0,0,0,0,0,0,0,0,0,0
경기도 화성시 동탄구,2026.09.18.,3,2,66.67,1000,2000,1.3,0,0,0,0,0,0,0,0,0,0,0,0
경기도 화성시 동탄구,2026.09.21.,1,1,100,1586,1586,4,0,0,0,0,0,0,0,0,0,0,0,0
경기도 화성시 동탄구,2026.09.22.,1,0,0,0,0,1,0,0,0,0,0,0,0,0,0,0,0,0
경기도 화성시 만세구,2026.09.12.,1,0,0,0,0,1,0,0,0,0,0,0,0,0,0,0,0,0
경기도 화성시 만세구,2026.09.21.,1,1,100,1631,1631,2,0,0,0,0,0,0,0,0,0,0,0,0
경기도 화성시 병점구,2026.09.10.,1,0,0,0,0,1,0,0,0,0,0,0,0,0,0,0,0,0
경기도 화성시 병점구,2026.09.22.,1,0,0,0,0,3,0,0,0,0,0,0,0,0,0,0,0,0
경상남도 거제시,2026.09.08.,1,0,0,0,0,4,0,0,0,0,0,0,0,0,0,0,0,0
경상남도 김해시,2026.09.11.,2,0,0,0,0,1,0,0,0,0,0,0,0,0,0,0,0,0
경상남도 양산시,2026.09.14.,1,0,0,0,0,2,0,0,0,0,0,0,0,0,0,0,0,0
경상남도 창원시 성산구,2026.09.01.,1,0,0,0,0,2,0,0,0,0,0,0,0,0,0,0,0,0
경상남도 창원시 성산구,2026.09.05.,1,0,0,0,0,2,0,0,0,0,0,0,0,0,0,0,0,0
경상남도 창원시 진해구,2026.09.22.,2,0,0,0,0,2,0,0,0,0,0,0,0,0,0,0,0,0
경상북도 경주시,2026.09.06.,5,0,0,0,0,2.4,0,0,0,0,0,0,0,0,0,0,0,0
경상북도 경주시,2026.09.17.,1,0,0,0,0,1,0,0,0,0,0,0,0,0,0,0,0,0
경상북도 경주시,2026.09.18.,1,0,0,0,0,1,0,0,0,0,0,0,0,0,0,0,0,0
경상북도 경주시,2026.09.22.,1,1,100,453,453,1,0,0,0,0,0,0,0,0,0,0,0,0
경상북도 구미시,2026.09.01.,4,0,0,0,0,4,0,0,0,0,0,0,0,0,0,0,0,0
경상북도 구미시,2026.09.07.,1,0,0,0,0,4,0,0,0,0,0,0,0,0,0,0,0,0
경상북도 구미시,2026.09.23.,1,0,0,0,0,7,0,0,0,0,0,0,0,0,0,0,0,0
경상북도 김천시,2026.09.18.,1,0,0,0,0,1,0,0,0,0,0,0,0,0,0,0,0,0
경상북도 영주시,2026.09.20.,2,0,0,0,0,3,0,0,0,0,0,0,0,0,0,0,0,0
경상북도 영천시,2026.09.01.,1,0,0,0,0,3,0,0,0,0,0,0,0,0,0,0,0,0
경상북도 영천시,2026.09.04.,2,0,0,0,0,2,0,0,0,0,0,0,0,0,0,0,0,0
경상북도 칠곡군,2026.09.10.,1,0,0,0,0,2,0,0,0,0,0,0,0,0,0,0,0,0
경상북도 칠곡군,2026.09.23.,2,0,0,0,0,5,0,0,0,0,0,0,0,0,0,0,0,0
경상북도 포항시 남구,2026.09.01.,1,0,0,0,0,3,0,0,0,0,0,0,0,0,0,0,0,0
경상북도 포항시 북구,2026.09.20.,1,0,0,0,0,2,0,0,0,0,0,0,0,0,0,0,0,0
국내 - 상세 위치 확인불가,2026.09.01.,16,0,0,0,0,2.4,0,0,0,0,0,0,0,0,0,0,0,0
국내 - 상세 위치 확인불가,2026.09.02.,16,2,12.5,1232,2464,2,0,0,0,0,0,0,0,0,0,0,0,0
국내 - 상세 위치 확인불가,2026.09.03.,2,0,0,0,0,2.5,0,0,0,0,0,0,0,0,0,0,0,0
국내 - 상세 위치 확인불가,2026.09.04.,7,1,14.29,460,460,3,0,0,0,0,0,0,0,0,0,0,0,0
국내 - 상세 위치 확인불가,2026.09.05.,7,0,0,0,0,3.1,0,0,0,0,0,0,0,0,0,0,0,0
국내 - 상세 위치 확인불가,2026.09.06.,12,0,0,0,0,2.7,0,0,0,0,0,0,0,0,0,0,0,0
국내 - 상세 위치 확인불가,2026.09.07.,9,0,0,0,0,2.8,0,0,0,0,0,0,0,0,0,0,0,0
국내 - 상세 위치 확인불가,2026.09.08.,13,0,0,0,0,3.5,0,0,0,0,0,0,0,0,0,0,0,0
국내 - 상세 위치 확인불가,2026.09.09.,19,1,5.26,1534,1534,2.4,0,0,0,0,0,0,0,0,0,0,0,0
국내 - 상세 위치 확인불가,2026.09.10.,13,0,0,0,0,3.5,0,0,0,0,0,0,0,0,0,0,0,0
국내 - 상세 위치 확인불가,2026.09.11.,10,2,20,1680,3360,2.7,0,0,0,0,0,0,0,0,0,0,0,0
국내 - 상세 위치 확인불가,2026.09.12.,8,1,12.5,1696,1696,2,0,0,0,0,0,0,0,0,0,0,0,0
국내 - 상세 위치 확인불가,2026.09.13.,10,2,20,1691,3383,2.7,0,0,0,0,0,0,0,0,0,0,0,0
국내 - 상세 위치 확인불가,2026.09.14.,16,1,6.25,698,698,3.4,0,0,0,0,0,0,0,0,0,0,0,0
국내 - 상세 위치 확인불가,2026.09.15.,12,1,8.33,1760,1760,1.9,0,0,0,0,0,0,0,0,0,0,0,0
국내 - 상세 위치 확인불가,2026.09.16.,19,1,5.26,1331,1331,1.7,0,0,0,0,0,0,0,0,0,0,0,0
국내 - 상세 위치 확인불가,2026.09.17.,16,1,6.25,1738,1738,2.4,0,0,0,0,0,0,0,0,0,0,0,0
국내 - 상세 위치 확인불가,2026.09.18.,8,0,0,0,0,2.5,0,0,0,0,0,0,0,0,0,0,0,0
국내 - 상세 위치 확인불가,2026.09.19.,22,0,0,0,0,1.8,0,0,0,0,0,0,0,0,0,0,0,0
국내 - 상세 위치 확인불가,2026.09.20.,27,1,3.7,1760,1760,1.8,0,0,0,0,0,0,0,0,0,0,0,0
국내 - 상세 위치 확인불가,2026.09.21.,21,0,0,0,0,3,0,0,0,0,0,0,0,0,0,0,0,0
국내 - 상세 위치 확인불가,2026.09.22.,18,1,5.56,1623,1623,2.6,0,0,0,0,0,0,0,0,0,0,0,0
국내 - 상세 위치 확인불가,2026.09.23.,9,0,0,0,0,2.3,0,0,0,0,0,0,0,0,0,0,0,0
국내 - 상세 위치 확인불가,2026.09.24.,11,0,0,0,0,3,0,0,0,0,0,0,0,0,0,0,0,0
국내 - 상세 위치 확인불가,2026.09.25.,15,1,6.67,1451,1451,2.3,0,0,0,0,0,0,0,0,0,0,0,0
대구광역시 남구,2026.09.05.,1,0,0,0,0,2,0,0,0,0,0,0,0,0,0,0,0,0
대구광역시 남구,2026.09.16.,1,0,0,0,0,1,0,0,0,0,0,0,0,0,0,0,0,0
대구광역시 달서구,2026.09.01.,7,0,0,0,0,2.4,0,0,0,0,0,0,0,0,0,0,0,0
대구광역시 달서구,2026.09.24.,1,0,0,0,0,2,0,0,0,0,0,0,0,0,0,0,0,0
대구광역시 달성군,2026.09.04.,1,0,0,0,0,1,0,0,0,0,0,0,0,0,0,0,0,0
대구광역시 달성군,2026.09.21.,1,0,0,0,0,7,0,0,0,0,0,0,0,0,0,0,0,0
대구광역시 동구,2026.09.08.,1,0,0,0,0,1,0,0,0,0,0,0,0,0,0,0,0,0
대구광역시 동구,2026.09.11.,1,0,0,0,0,2,0,0,0,0,0,0,0,0,0,0,0,0
대구광역시 동구,2026.09.16.,1,0,0,0,0,1,0,0,0,0,0,0,0,0,0,0,0,0
대구광역시 북구,2026.09.01.,1,0,0,0,0,3,0,0,0,0,0,0,0,0,0,0,0,0
대구광역시 북구,2026.09.07.,2,0,0,0,0,1.5,0,0,0,0,0,0,0,0,0,0,0,0
대구광역시 북구,2026.09.08.,2,0,0,0,0,1,0,0,0,0,0,0,0,0,0,0,0,0
대구광역시 북구,2026.09.09.,2,0,0,0,0,1.5,0,0,0,0,0,0,0,0,0,0,0,0
대구광역시 북구,2026.09.13.,1,0,0,0,0,1,0,0,0,0,0,0,0,0,0,0,0,0
대구광역시 북구,2026.09.16.,1,0,0,0,0,3,0,0,0,0,0,0,0,0,0,0,0,0
대구광역시 북구,2026.09.17.,1,0,0,0,0,2,0,0,0,0,0,0,0,0,0,0,0,0
대구광역시 북구,2026.09.21.,1,0,0,0,0,2,0,0,0,0,0,0,0,0,0,0,0,0
대구광역시 북구,2026.09.24.,1,0,0,0,0,3,0,0,0,0,0,0,0,0,0,0,0,0
대구광역시 서구,2026.09.09.,1,0,0,0,0,4,0,0,0,0,0,0,0,0,0,0,0,0
대구광역시 서구,2026.09.17.,1,0,0,0,0,2,0,0,0,0,0,0,0,0,0,0,0,0
대구광역시 수성구,2026.09.11.,1,0,0,0,0,3,0,0,0,0,0,0,0,0,0,0,0,0
대구광역시 수성구,2026.09.25.,1,0,0,0,0,2,0,0,0,0,0,0,0,0,0,0,0,0
대구광역시 중구,2026.09.03.,1,0,0,0,0,2,0,0,0,0,0,0,0,0,0,0,0,0
대전광역시 동구,2026.09.04.,1,0,0,0,0,1,0,0,0,0,0,0,0,0,0,0,0,0
대전광역시 동구,2026.09.20.,5,0,0,0,0,2,0,0,0,0,0,0,0,0,0,0,0,0
대전광역시 서구,2026.09.01.,2,0,0,0,0,4,0,0,0,0,0,0,0,0,0,0,0,0
대전광역시 서구,2026.09.03.,1,0,0,0,0,2,0,0,0,0,0,0,0,0,0,0,0,0
대전광역시 유성구,2026.09.04.,3,0,0,0,0,2,0,0,0,0,0,0,0,0,0,0,0,0
대전광역시 유성구,2026.09.08.,1,0,0,0,0,2,0,0,0,0,0,0,0,0,0,0,0,0
대전광역시 유성구,2026.09.15.,1,0,0,0,0,1,0,0,0,0,0,0,0,0,0,0,0,0
대전광역시 유성구,2026.09.16.,4,0,0,0,0,2,0,0,0,0,0,0,0,0,0,0,0,0
대전광역시 유성구,2026.09.17.,2,0,0,0,0,2,0,0,0,0,0,0,0,0,0,0,0,0
대전광역시 유성구,2026.09.22.,1,0,0,0,0,7,0,0,0,0,0,0,0,0,0,0,0,0
대전광역시 중구,2026.09.01.,3,0,0,0,0,3.7,0,0,0,0,0,0,0,0,0,0,0,0
대전광역시 중구,2026.09.04.,1,0,0,0,0,2,0,0,0,0,0,0,0,0,0,0,0,0
대전광역시 중구,2026.09.06.,1,0,0,0,0,2,0,0,0,0,0,0,0,0,0,0,0,0
대전광역시 중구,2026.09.12.,1,0,0,0,0,2,0,0,0,0,0,0,0,0,0,0,0,0
대전광역시 중구,2026.09.16.,1,0,0,0,0,2,0,0,0,0,0,0,0,0,0,0,0,0
대전광역시 중구,2026.09.17.,3,0,0,0,0,1.3,0,0,0,0,0,0,0,0,0,0,0,0
대전광역시 중구,2026.09.18.,1,0,0,0,0,2,0,0,0,0,0,0,0,0,0,0,0,0
대전광역시 중구,2026.09.20.,2,0,0,0,0,1.5,0,0,0,0,0,0,0,0,0,0,0,0
대전광역시 중구,2026.09.23.,2,0,0,0,0,1.5,0,0,0,0,0,0,0,0,0,0,0,0
대한민국외,2026.09.01.,1,0,0,0,0,3,0,0,0,0,0,0,0,0,0,0,0,0
대한민국외,2026.09.04.,1,0,0,0,0,2,0,0,0,0,0,0,0,0,0,0,0,0
대한민국외,2026.09.05.,1,0,0,0,0,3,0,0,0,0,0,0,0,0,0,0,0,0
대한민국외,2026.09.06.,1,0,0,0,0,2,0,0,0,0,0,0,0,0,0,0,0,0
대한민국외,2026.09.08.,1,0,0,0,0,2,0,0,0,0,0,0,0,0,0,0,0,0
대한민국외,2026.09.09.,3,0,0,0,0,3,0,0,0,0,0,0,0,0,0,0,0,0
대한민국외,2026.09.10.,1,0,0,0,0,2,0,0,0,0,0,0,0,0,0,0,0,0
대한민국외,2026.09.11.,1,0,0,0,0,1,0,0,0,0,0,0,0,0,0,0,0,0
대한민국외,2026.09.14.,1,0,0,0,0,5,0,0,0,0,0,0,0,0,0,0,0,0
대한민국외,2026.09.15.,2,0,0,0,0,4,0,0,0,0,0,0,0,0,0,0,0,0
대한민국외,2026.09.16.,2,0,0,0,0,6,0,0,0,0,0,0,0,0,0,0,0,0
대한민국외,2026.09.17.,2,0,0,0,0,6,0,0,0,0,0,0,0,0,0,0,0,0
대한민국외,2026.09.20.,1,0,0,0,0,6,0,0,0,0,0,0,0,0,0,0,0,0
대한민국외,2026.09.22.,1,0,0,0,0,7,0,0,0,0,0,0,0,0,0,0,0,0
대한민국외,2026.09.23.,4,0,0,0,0,5.5,0,0,0,0,0,0,0,0,0,0,0,0
부산광역시 강서구,2026.09.01.,2,0,0,0,0,2.5,0,0,0,0,0,0,0,0,0,0,0,0
부산광역시 강서구,2026.09.06.,2,0,0,0,0,3.5,0,0,0,0,0,0,0,0,0,0,0,0
부산광역시 금정구,2026.09.01.,1,0,0,0,0,6,0,0,0,0,0,0,0,0,0,0,0,0
부산광역시 금정구,2026.09.25.,1,0,0,0,0,2,0,0,0,0,0,0,0,0,0,0,0,0
부산광역시 기장군,2026.09.12.,1,0,0,0,0,1,0,0,0,0,0,0,0,0,0,0,0,0
부산광역시 기장군,2026.09.24.,1,0,0,0,0,2,0,0,0,0,0,0,0,0,0,0,0,0
부산광역시 남구,2026.09.21.,1,0,0,0,0,1,0,0,0,0,0,0,0,0,0,0,0,0
부산광역시 동구,2026.09.18.,1,0,0,0,0,1,0,0,0,0,0,0,0,0,0,0,0,0
부산광역시 동래구,2026.09.04.,2,0,0,0,0,1.5,0,0,0,0,0,0,0,0,0,0,0,0
부산광역시 동래구,2026.09.18.,2,0,0,0,0,1.5,0,0,0,0,0,0,0,0,0,0,0,0
부산광역시 동래구,2026.09.23.,2,0,0,0,0,4,0,0,0,0,0,0,0,0,0,0,0,0
부산광역시 부산진구,2026.09.03.,1,0,0,0,0,2,0,0,0,0,0,0,0,0,0,0,0,0
부산광역시 부산진구,2026.09.04.,1,0,0,0,0,3,0,0,0,0,0,0,0,0,0,0,0,0
부산광역시 부산진구,2026.09.06.,1,0,0,0,0,3,0,0,0,0,0,0,0,0,0,0,0,0
부산광역시 부산진구,2026.09.10.,5,0,0,0,0,2.2,0,0,0,0,0,0,0,0,0,0,0,0
부산광역시 북구,2026.09.02.,2,0,0,0,0,2,0,0,0,0,0,0,0,0,0,0,0,0
부산광역시 북구,2026.09.07.,2,0,0,0,0,3,0,0,0,0,0,0,0,0,0,0,0,0
부산광역시 북구,2026.09.18.,1,0,0,0,0,2,0,0,0,0,0,0,0,0,0,0,0,0
부산광역시 연제구,2026.09.01.,1,1,100,428,428,1,0,0,0,0,0,0,0,0,0,0,0,0
부산광역시 해운대구,2026.09.04.,1,0,0,0,0,2,0,0,0,0,0,0,0,0,0,0,0,0
부산광역시 해운대구,2026.09.07.,1,0,0,0,0,2,0,0,0,0,0,0,0,0,0,0,0,0
서울특별시 강남구,2026.09.01.,13,0,0,0,0,4.2,0,0,0,0,0,0,0,0,0,0,0,0
서울특별시 강남구,2026.09.02.,6,3,50,1010,3029,2.2,0,0,0,0,0,0,0,0,0,0,0,0
서울특별시 강남구,2026.09.03.,6,1,16.67,1379,1379,4.5,0,0,0,0,0,0,0,0,0,0,0,0
서울특별시 강남구,2026.09.04.,3,0,0,0,0,2.3,0,0,0,0,0,0,0,0,0,0,0,0
서울특별시 강남구,2026.09.05.,7,0,0,0,0,2,0,0,0,0,0,0,0,0,0,0,0,0
서울특별시 강남구,2026.09.06.,3,1,33.33,989,989,2,0,0,0,0,0,0,0,0,0,0,0,0
서울특별시 강남구,2026.09.07.,14,0,0,0,0,2.2,0,0,0,0,0,0,0,0,0,0,0,0
서울특별시 강남구,2026.09.08.,21,0,0,0,0,3,0,0,0,0,0,0,0,0,0,0,0,0
서울특별시 강남구,2026.09.09.,11,0,0,0,0,1.9,0,0,0,0,0,0,0,0,0,0,0,0
서울특별시 강남구,2026.09.10.,9,0,0,0,0,1.7,0,0,0,0,0,0,0,0,0,0,0,0
서울특별시 강남구,2026.09.11.,7,0,0,0,0,2.9,0,0,0,0,0,0,0,0,0,0,0,0
서울특별시 강남구,2026.09.12.,2,0,0,0,0,3,0,0,0,0,0,0,0,0,0,0,0,0
서울특별시 강남구,2026.09.13.,1,0,0,0,0,2,0,0,0,0,0,0,0,0,0,0,0,0
서울특별시 강남구,2026.09.14.,8,0,0,0,0,2.1,0,0,0,0,0,0,0,0,0,0,0,0
서울특별시 강남구,2026.09.15.,12,0,0,0,0,1.7,0,0,0,0,0,0,0,0,0,0,0,0
서울특별시 강남구,2026.09.16.,15,0,0,0,0,2,0,0,0,0,0,0,0,0,0,0,0,0
서울특별시 강남구,2026.09.17.,9,0,0,0,0,1.9,0,0,0,0,0,0,0,0,0,0,0,0
서울특별시 강남구,2026.09.18.,7,0,0,0,0,1.6,0,0,0,0,0,0,0,0,0,0,0,0
서울특별시 강남구,2026.09.19.,9,0,0,0,0,1.9,0,0,0,0,0,0,0,0,0,0,0,0
서울특별시 강남구,2026.09.20.,4,0,0,0,0,2,0,0,0,0,0,0,0,0,0,0,0,0
서울특별시 강남구,2026.09.21.,14,0,0,0,0,2.5,0,0,0,0,0,0,0,0,0,0,0,0
서울특별시 강남구,2026.09.22.,14,0,0,0,0,2.4,0,0,0,0,0,0,0,0,0,0,0,0
서울특별시 강남구,2026.09.23.,3,0,0,0,0,1,0,0,0,0,0,0,0,0,0,0,0,0
서울특별시 강남구,2026.09.24.,9,1,11.11,462,462,1.8,0,0,0,0,0,0,0,0,0,0,0,0
서울특별시 강남구,2026.09.25.,13,1,7.69,1425,1425,2.7,0,0,0,0,0,0,0,0,0,0,0,0
서울특별시 강동구,2026.09.02.,1,0,0,0,0,1,0,0,0,0,0,0,0,0,0,0,0,0
서울특별시 강동구,2026.09.04.,2,0,0,0,0,1.5,0,0,0,0,0,0,0,0,0,0,0,0
서울특별시 강동구,2026.09.05.,1,0,0,0,0,1,0,0,0,0,0,0,0,0,0,0,0,0
서울특별시 강동구,2026.09.08.,2,0,0,0,0,2,0,0,0,0,0,0,0,0,0,0,0,0
서울특별시 강동구,2026.09.16.,1,0,0,0,0,4,0,0,0,0,0,0,0,0,0,0,0,0
서울특별시 강동구,2026.09.19.,1,0,0,0,0,2,0,0,0,0,0,0,0,0,0,0,0,0
서울특별시 강동구,2026.09.21.,1,0,0,0,0,1,0,0,0,0,0,0,0,0,0,0,0,0
서울특별시 강동구,2026.09.22.,1,0,0,0,0,2,0,0,0,0,0,0,0,0,0,0,0,0
서울특별시 강북구,2026.09.01.,2,0,0,0,0,1.5,0,0,0,0,0,0,0,0,0,0,0,0
서울특별시 강북구,2026.09.02.,6,0,0,0,0,2.3,0,0,0,0,0,0,0,0,0,0,0,0
서울특별시 강북구,2026.09.03.,9,0,0,0,0,1.9,0,0,0,0,0,0,0,0,0,0,0,0
서울특별시 강북구,2026.09.04.,15,0,0,0,0,3.2,0,0,0,0,0,0,0,0,0,0,0,0
서울특별시 강북구,2026.09.05.,3,0,0,0,0,2.7,0,0,0,0,0,0,0,0,0,0,0,0
서울특별시 강북구,2026.09.06.,1,0,0,0,0,2,0,0,0,0,0,0,0,0,0,0,0,0
서울특별시 강북구,2026.09.07.,11,0,0,0,0,3.1,0,0,0,0,0,0,0,0,0,0,0,0
서울특별시 강북구,2026.09.08.,14,1,7.14,301,301,3.2,0,0,0,0,0,0,0,0,0,0,0,0
서울특별시 강북구,2026.09.09.,11,1,9.09,1609,1609,2.2,0,0,0,0,0,0,0,0,0,0,0,0
서울특별시 강북구,2026.09.10.,6,1,16.67,1689,1689,2.5,0,0,0,0,0,0,0,0,0,0,0,0
서울특별시 강북구,2026.09.11.,14,0,0,0,0,2.1,0,0,0,0,0,0,0,0,0,0,0,0
서울특별시 강북구,2026.09.12.,1,0,0,0,0,4,0,0,0,0,0,0,0,0,0,0,0,0
서울특별시 강북구,2026.09.13.,1,0,0,0,0,3,0,0,0,0,0,0,0,0,0,0,0,0
서울특별시 강북구,2026.09.14.,1,0,0,0,0,4,0,0,0,0,0,0,0,0,0,0,0,0
서울특별시 강북구,2026.09.15.,4,0,0,0,0,1.8,0,0,0,0,0,0,0,0,0,0,0,0
서울특별시 강북구,2026.09.16.,13,0,0,0,0,2.2,0,0,0,0,0,0,0,0,0,0,0,0
서울특별시 강북구,2026.09.17.,8,0,0,0,0,3.8,0,0,0,0,0,0,0,0,0,0,0,0
서울특별시 강북구,2026.09.18.,10,0,0,0,0,1.7,0,0,0,0,0,0,0,0,0,0,0,0
서울특별시 강북구,2026.09.19.,5,0,0,0,0,1.4,0,0,0,0,0,0,0,0,0,0,0,0
서울특별시 강북구,2026.09.20.,5,0,0,0,0,1,0,0,0,0,0,0,0,0,0,0,0,0
서울특별시 강북구,2026.09.21.,8,0,0,0,0,1.6,0,0,0,0,0,0,0,0,0,0,0,0
서울특별시 강북구,2026.09.22.,8,0,0,0,0,2.4,0,0,0,0,0,0,0,0,0,0,0,0
서울특별시 강북구,2026.09.23.,4,0,0,0,0,3,0,0,0,0,0,0,0,0,0,0,0,0
서울특별시 강북구,2026.09.24.,8,0,0,0,0,3.6,0,0,0,0,0,0,0,0,0,0,0,0
서울특별시 강북구,2026.09.25.,4,0,0,0,0,5,0,0,0,0,0,0,0,0,0,0,0,0
서울특별시 강서구,2026.09.02.,4,0,0,0,0,2.5,0,0,0,0,0,0,0,0,0,0,0,0
서울특별시 강서구,2026.09.03.,3,0,0,0,0,3.3,0,0,0,0,0,0,0,0,0,0,0,0
서울특별시 강서구,2026.09.05.,3,1,33.33,1027,1027,3.3,0,0,0,0,0,0,0,0,0,0,0,0
서울특별시 강서구,2026.09.07.,1,0,0,0,0,1,0,0,0,0,0,0,0,0,0,0,0,0
서울특별시 강서구,2026.09.13.,1,0,0,0,0,3,0,0,0,0,0,0,0,0,0,0,0,0
서울특별시 강서구,2026.09.17.,1,0,0,0,0,4,0,0,0,0,0,0,0,0,0,0,0,0
서울특별시 강서구,2026.09.21.,1,0,0,0,0,1,0,0,0,0,0,0,0,0,0,0,0,0
서울특별시 강서구,2026.09.22.,1,0,0,0,0,2,0,0,0,0,0,0,0,0,0,0,0,0
서울특별시 강서구,2026.09.24.,1,0,0,0,0,4,0,0,0,0,0,0,0,0,0,0,0,0
서울특별시 관악구,2026.09.09.,1,0,0,0,0,2,0,0,0,0,0,0,0,0,0,0,0,0
서울특별시 관악구,2026.09.15.,6,1,16.67,1607,1607,1,0,0,0,0,0,0,0,0,0,0,0,0
서울특별시 관악구,2026.09.16.,1,0,0,0,0,1,0,0,0,0,0,0,0,0,0,0,0,0
서울특별시 관악구,2026.09.21.,1,0,0,0,0,4,0,0,0,0,0,0,0,0,0,0,0,0
서울특별시 관악구,2026.09.22.,1,0,0,0,0,2,0,0,0,0,0,0,0,0,0,0,0,0
서울특별시 광진구,2026.09.03.,2,0,0,0,0,3.5,0,0,0,0,0,0,0,0,0,0,0,0
서울특별시 광진구,2026.09.04.,2,0,0,0,0,1.5,0,0,0,0,0,0,0,0,0,0,0,0
서울특별시 광진구,2026.09.05.,5,0,0,0,0,3.2,0,0,0,0,0,0,0,0,0,0,0,0
서울특별시 광진구,2026.09.06.,1,1,100,1051,1051,3,0,0,0,0,0,0,0,0,0,0,0,0
서울특별시 광진구,2026.09.07.,1,0,0,0,0,2,0,0,0,0,0,0,0,0,0,0,0,0
서울특별시 광진구,2026.09.08.,3,0,0,0,0,2.7,0,0,0,0,0,0,0,0,0,0,0,0
서울특별시 광진구,2026.09.09.,1,0,0,0,0,3,0,0,0,0,0,0,0,0,0,0,0,0
서울특별시 광진구,2026.09.10.,3,1,33.33,1760,1760,2,0,0,0,0,0,0,0,0,0,0,0,0
서울특별시 광진구,2026.09.11.,1,0,0,0,0,2,0,0,0,0,0,0,0,0,0,0,0,0
서울특별시 광진구,2026.09.12.,4,0,0,0,0,4.5,0,0,0,0,0,0,0,0,0,0,0,0
서울특별시 광진구,2026.09.13.,1,0,0,0,0,4,0,0,0,0,0,0,0,0,0,0,0,0
서울특별시 광진구,2026.09.16.,1,0,0,0,0,1,0,0,0,0,0,0,0,0,0,0,0,0
서울특별시 광진구,2026.09.17.,7,0,0,0,0,1.1,0,0,0,0,0,0,0,0,0,0,0,0
서울특별시 광진구,2026.09.18.,6,1,16.67,1573,1573,1.5,0,0,0,0,0,0,0,0,0,0,0,0
서울특별시 광진구,2026.09.19.,1,0,0,0,0,1,0,0,0,0,0,0,0,0,0,0,0,0
서울특별시 광진구,2026.09.20.,2,0,0,0,0,2,0,0,0,0,0,0,0,0,0,0,0,0
서울특별시 광진구,2026.09.21.,3,0,0,0,0,1.7,0,0,0,0,0,0,0,0,0,0,0,0
서울특별시 광진구,2026.09.22.,4,0,0,0,0,3,0,0,0,0,0,0,0,0,0,0,0,0
서울특별시 광진구,2026.09.23.,2,0,0,0,0,1,0,0,0,0,0,0,0,0,0,0,0,0
서울특별시 광진구,2026.09.25.,2,0,0,0,0,1,0,0,0,0,0,0,0,0,0,0,0,0
서울특별시 구로구,2026.09.01.,3,0,0,0,0,3,0,0,0,0,0,0,0,0,0,0,0,0
서울특별시 구로구,2026.09.02.,2,0,0,0,0,3.5,0,0,0,0,0,0,0,0,0,0,0,0
서울특별시 구로구,2026.09.04.,2,0,0,0,0,2,0,0,0,0,0,0,0,0,0,0,0,0
서울특별시 구로구,2026.09.05.,1,0,0,0,0,3,0,0,0,0,0,0,0,0,0,0,0,0
서울특별시 구로구,2026.09.07.,1,0,0,0,0,4,0,0,0,0,0,0,0,0,0,0,0,0
서울특별시 구로구,2026.09.15.,1,0,0,0,0,1,0,0,0,0,0,0,0,0,0,0,0,0
서울특별시 구로구,2026.09.16.,2,0,0,0,0,1.5,0,0,0,0,0,0,0,0,0,0,0,0
서울특별시 구로구,2026.09.20.,2,0,0,0,0,2.5,0,0,0,0,0,0,0,0,0,0,0,0
서울특별시 구로구,2026.09.21.,2,0,0,0,0,2.5,0,0,0,0,0,0,0,0,0,0,0,0
서울특별시 구로구,2026.09.22.,2,0,0,0,0,1.5,0,0,0,0,0,0,0,0,0,0,0,0
서울특별시 구로구,2026.09.25.,1,0,0,0,0,1,0,0,0,0,0,0,0,0,0,0,0,0
서울특별시 금천구,2026.09.04.,9,0,0,0,0,2.9,0,0,0,0,0,0,0,0,0,0,0,0
서울특별시 금천구,2026.09.07.,8,0,0,0,0,1.8,0,0,0,0,0,0,0,0,0,0,0,0
서울특별시 금천구,2026.09.09.,3,0,0,0,0,1.3,0,0,0,0,0,0,0,0,0,0,0,0
서울특별시 금천구,2026.09.16.,1,0,0,0,0,2,0,0,0,0,0,0,0,0,0,0,0,0
서울특별시 금천구,2026.09.21.,1,0,0,0,0,1,0,0,0,0,0,0,0,0,0,0,0,0
서울특별시 금천구,2026.09.25.,1,0,0,0,0,3,0,0,0,0,0,0,0,0,0,0,0,0
서울특별시 노원구,2026.09.01.,258,9,3.49,1134,10208,2.6,0,0,0,0,0,0,0,0,0,0,0,0
서울특별시 노원구,2026.09.02.,148,2,1.35,1210,2420,2.8,0,0,0,0,0,0,0,0,0,0,0,0
서울특별시 노원구,2026.09.03.,91,6,6.59,791,4744,3.2,0,0,0,0,0,0,0,0,0,0,0,0
서울특별시 노원구,2026.09.04.,106,4,3.77,1154,4617,2.7,0,0,0,0,0,0,0,0,0,0,0,0
서울특별시 노원구,2026.09.05.,758,5,0.66,1309,6546,2.1,0,0,0,0,0,0,0,0,0,0,0,0
서울특별시 노원구,2026.09.06.,107,7,6.54,1086,7604,3.3,0,0,0,0,0,0,0,0,0,0,0,0
서울특별시 노원구,2026.09.07.,90,5,5.56,717,3587,3.6,0,0,0,0,0,0,0,0,0,0,0,0
서울특별시 노원구,2026.09.08.,116,5,4.31,957,4783,4.1,0,0,0,0,0,0,0,0,0,0,0,0
서울특별시 노원구,2026.09.09.,151,2,1.32,1542,3083,3.9,0,0,0,0,0,0,0,0,0,0,0,0
서울특별시 노원구,2026.09.10.,54,2,3.7,1431,2862,4.5,0,0,0,0,0,0,0,0,0,0,0,0
서울특별시 노원구,2026.09.11.,100,4,4,1317,5267,4.5,0,0,0,0,0,0,0,0,0,0,0,0
서울특별시 노원구,2026.09.12.,59,6,10.17,1458,8749,3.2,0,0,0,0,0,0,0,0,0,0,0,0
서울특별시 노원구,2026.09.13.,76,5,6.58,1091,5455,3.5,0,0,0,0,0,0,0,0,0,0,0,0
서울특별시 노원구,2026.09.14.,83,5,6.02,1627,8136,4.1,0,0,0,0,0,0,0,0,0,0,0,0
서울특별시 노원구,2026.09.15.,108,3,2.78,1516,4548,3.9,0,0,0,0,0,0,0,0,0,0,0,0
서울특별시 노원구,2026.09.16.,131,4,3.05,1286,5144,3.5,0,0,0,0,0,0,0,0,0,0,0,0
서울특별시 노원구,2026.09.17.,118,7,5.93,1437,10062,3.4,0,0,0,0,0,0,0,0,0,0,0,0
서울특별시 노원구,2026.09.18.,97,6,6.19,1412,8475,3.6,0,0,0,0,0,0,0,0,0,0,0,0
서울특별시 노원구,2026.09.19.,93,2,2.15,1641,3283,2.9,0,0,0,0,0,0,0,0,0,0,0,0
서울특별시 노원구,2026.09.20.,148,8,5.41,1452,11616,2.6,0,0,0,0,0,0,0,0,0,0,0,0
서울특별시 노원구,2026.09.21.,127,6,4.72,1329,7976,3.1,0,0,0,0,0,0,0,0,0,0,0,0
서울특별시 노원구,2026.09.22.,132,8,6.06,1394,11150,4.1,0,0,0,0,0,0,0,0,0,0,0,0
서울특별시 노원구,2026.09.23.,129,5,3.88,1253,6267,3.4,0,0,0,0,0,0,0,0,0,0,0,0
서울특별시 노원구,2026.09.24.,87,5,5.75,1389,6946,2.9,0,0,0,0,0,0,0,0,0,0,0,0
서울특별시 노원구,2026.09.25.,91,2,2.2,1442,2885,2.6,0,0,0,0,0,0,0,0,0,0,0,0
서울특별시 도봉구,2026.09.01.,94,0,0,0,0,2.4,0,0,0,0,0,0,0,0,0,0,0,0
서울특별시 도봉구,2026.09.02.,49,0,0,0,0,2.3,0,0,0,0,0,0,0,0,0,0,0,0
서울특별시 도봉구,2026.09.03.,55,0,0,0,0,3.1,0,0,0,0,0,0,0,0,0,0,0,0
서울특별시 도봉구,2026.09.04.,58,1,1.72,426,426,2.3,0,0,0,0,0,0,0,0,0,0,0,0
서울특별시 도봉구,2026.09.05.,95,0,0,0,0,2.7,0,0,0,0,0,0,0,0,0,0,0,0
서울특별시 도봉구,2026.09.06.,27,1,3.7,270,270,3.7,0,0,0,0,0,0,0,0,0,0,0,0
서울특별시 도봉구,2026.09.07.,12,1,8.33,1318,1318,4,0,0,0,0,0,0,0,0,0,0,0,0
서울특별시 도봉구,2026.09.08.,20,0,0,0,0,3.4,0,0,0,0,0,0,0,0,0,0,0,0
서울특별시 도봉구,2026.09.09.,12,1,8.33,1214,1214,2.3,0,0,0,0,0,0,0,0,0,0,0,0
서울특별시 도봉구,2026.09.10.,11,0,0,0,0,4.7,0,0,0,0,0,0,0,0,0,0,0,0
서울특별시 도봉구,2026.09.11.,13,0,0,0,0,3,0,0,0,0,0,0,0,0,0,0,0,0
서울특별시 도봉구,2026.09.12.,20,0,0,0,0,3.4,0,0,0,0,0,0,0,0,0,0,0,0
서울특별시 도봉구,2026.09.13.,40,3,7.5,303,910,2.7,0,0,0,0,0,0,0,0,0,0,0,0
서울특별시 도봉구,2026.09.14.,22,0,0,0,0,3.6,0,0,0,0,0,0,0,0,0,0,0,0
서울특별시 도봉구,2026.09.15.,24,0,0,0,0,2.3,0,0,0,0,0,0,0,0,0,0,0,0
서울특별시 도봉구,2026.09.16.,31,1,3.23,1740,1740,2.8,0,0,0,0,0,0,0,0,0,0,0,0
서울특별시 도봉구,2026.09.17.,38,1,2.63,1409,1409,3.1,0,0,0,0,0,0,0,0,0,0,0,0
서울특별시 도봉구,2026.09.18.,12,1,8.33,1731,1731,3.1,0,0,0,0,0,0,0,0,0,0,0,0
서울특별시 도봉구,2026.09.19.,22,0,0,0,0,2.3,0,0,0,0,0,0,0,0,0,0,0,0
서울특별시 도봉구,2026.09.20.,18,0,0,0,0,2.5,0,0,0,0,0,0,0,0,0,0,0,0
서울특별시 도봉구,2026.09.21.,34,1,2.94,1683,1683,2.5,0,0,0,0,0,0,0,0,0,0,0,0
서울특별시 도봉구,2026.09.22.,17,0,0,0,0,2.9,0,0,0,0,0,0,0,0,0,0,0,0
서울특별시 도봉구,2026.09.23.,14,0,0,0,0,3.1,0,0,0,0,0,0,0,0,0,0,0,0
서울특별시 도봉구,2026.09.24.,11,0,0,0,0,3,0,0,0,0,0,0,0,0,0,0,0,0
서울특별시 도봉구,2026.09.25.,14,2,14.29,1530,3061,2.4,0,0,0,0,0,0,0,0,0,0,0,0
서울특별시 동대문구,2026.09.01.,1,0,0,0,0,2,0,0,0,0,0,0,0,0,0,0,0,0
서울특별시 동대문구,2026.09.02.,1,0,0,0,0,2,0,0,0,0,0,0,0,0,0,0,0,0
서울특별시 동대문구,2026.09.03.,1,0,0,0,0,4,0,0,0,0,0,0,0,0,0,0,0,0
서울특별시 동대문구,2026.09.04.,1,0,0,0,0,2,0,0,0,0,0,0,0,0,0,0,0,0
서울특별시 동대문구,2026.09.05.,4,0,0,0,0,2,0,0,0,0,0,0,0,0,0,0,0,0
서울특별시 동대문구,2026.09.06.,3,0,0,0,0,1.7,0,0,0,0,0,0,0,0,0,0,0,0
서울특별시 동대문구,2026.09.08.,1,0,0,0,0,3,0,0,0,0,0,0,0,0,0,0,0,0
서울특별시 동대문구,2026.09.09.,5,0,0,0,0,3.4,0,0,0,0,0,0,0,0,0,0,0,0
서울특별시 동대문구,2026.09.10.,4,0,0,0,0,2,0,0,0,0,0,0,0,0,0,0,0,0
서울특별시 동대문구,2026.09.11.,1,0,0,0,0,2,0,0,0,0,0,0,0,0,0,0,0,0
서울특별시 동대문구,2026.09.12.,1,0,0,0,0,1,0,0,0,0,0,0,0,0,0,0,0,0
서울특별시 동대문구,2026.09.14.,1,0,0,0,0,2,0,0,0,0,0,0,0,0,0,0,0,0
서울특별시 동대문구,2026.09.15.,2,1,50,1343,1343,1.5,0,0,0,0,0,0,0,0,0,0,0,0
서울특별시 동대문구,2026.09.16.,1,0,0,0,0,2,0,0,0,0,0,0,0,0,0,0,0,0
서울특별시 동대문구,2026.09.17.,2,0,0,0,0,1,0,0,0,0,0,0,0,0,0,0,0,0
서울특별시 동대문구,2026.09.18.,2,0,0,0,0,2,0,0,0,0,0,0,0,0,0,0,0,0
서울특별시 동대문구,2026.09.19.,1,0,0,0,0,2,0,0,0,0,0,0,0,0,0,0,0,0
서울특별시 동대문구,2026.09.20.,3,0,0,0,0,2,0,0,0,0,0,0,0,0,0,0,0,0
서울특별시 동대문구,2026.09.21.,5,0,0,0,0,3.4,0,0,0,0,0,0,0,0,0,0,0,0
서울특별시 동대문구,2026.09.22.,1,0,0,0,0,1,0,0,0,0,0,0,0,0,0,0,0,0
서울특별시 동대문구,2026.09.23.,1,0,0,0,0,2,0,0,0,0,0,0,0,0,0,0,0,0
서울특별시 동대문구,2026.09.24.,1,0,0,0,0,3,0,0,0,0,0,0,0,0,0,0,0,0
서울특별시 동작구,2026.09.01.,2,0,0,0,0,3.5,0,0,0,0,0,0,0,0,0,0,0,0
서울특별시 동작구,2026.09.03.,1,0,0,0,0,2,0,0,0,0,0,0,0,0,0,0,0,0
서울특별시 동작구,2026.09.04.,2,1,50,1352,1352,2,0,0,0,0,0,0,0,0,0,0,0,0
서울특별시 동작구,2026.09.05.,1,0,0,0,0,3,0,0,0,0,0,0,0,0,0,0,0,0
서울특별시 동작구,2026.09.06.,1,0,0,0,0,1,0,0,0,0,0,0,0,0,0,0,0,0
서울특별시 동작구,2026.09.07.,1,0,0,0,0,1,0,0,0,0,0,0,0,0,0,0,0,0
서울특별시 동작구,2026.09.08.,2,0,0,0,0,2.5,0,0,0,0,0,0,0,0,0,0,0,0
서울특별시 동작구,2026.09.09.,4,0,0,0,0,1.5,0,0,0,0,0,0,0,0,0,0,0,0
서울특별시 동작구,2026.09.12.,1,0,0,0,0,1,0,0,0,0,0,0,0,0,0,0,0,0
서울특별시 동작구,2026.09.13.,1,0,0,0,0,2,0,0,0,0,0,0,0,0,0,0,0,0
서울특별시 동작구,2026.09.14.,1,0,0,0,0,7,0,0,0,0,0,0,0,0,0,0,0,0
서울특별시 동작구,2026.09.22.,1,0,0,0,0,1,0,0,0,0,0,0,0,0,0,0,0,0
서울특별시 동작구,2026.09.24.,2,0,0,0,0,1.5,0,0,0,0,0,0,0,0,0,0,0,0
서울특별시 마포구,2026.09.02.,2,0,0,0,0,2.5,0,0,0,0,0,0,0,0,0,0,0,0
서울특별시 마포구,2026.09.04.,3,0,0,0,0,1.7,0,0,0,0,0,0,0,0,0,0,0,0
서울특별시 마포구,2026.09.05.,1,0,0,0,0,3,0,0,0,0,0,0,0,0,0,0,0,0
서울특별시 마포구,2026.09.06.,1,0,0,0,0,2,0,0,0,0,0,0,0,0,0,0,0,0
서울특별시 마포구,2026.09.07.,1,0,0,0,0,1,0,0,0,0,0,0,0,0,0,0,0,0
서울특별시 마포구,2026.09.09.,1,0,0,0,0,2,0,0,0,0,0,0,0,0,0,0,0,0
서울특별시 마포구,2026.09.11.,5,0,0,0,0,2.2,0,0,0,0,0,0,0,0,0,0,0,0
서울특별시 마포구,2026.09.13.,4,2,50,573,1147,1.5,0,0,0,0,0,0,0,0,0,0,0,0
서울특별시 마포구,2026.09.15.,1,0,0,0,0,3,0,0,0,0,0,0,0,0,0,0,0,0
서울특별시 마포구,2026.09.16.,7,0,0,0,0,2.1,0,0,0,0,0,0,0,0,0,0,0,0
서울특별시 마포구,2026.09.17.,3,1,33.33,1393,1393,3,0,0,0,0,0,0,0,0,0,0,0,0
서울특별시 마포구,2026.09.18.,2,0,0,0,0,1.5,0,0,0,0,0,0,0,0,0,0,0,0
서울특별시 마포구,2026.09.19.,2,0,0,0,0,3,0,0,0,0,0,0,0,0,0,0,0,0
서울특별시 마포구,2026.09.20.,1,0,0,0,0,2,0,0,0,0,0,0,0,0,0,0,0,0
서울특별시 마포구,2026.09.21.,4,0,0,0,0,2.8,0,0,0,0,0,0,0,0,0,0,0,0
서울특별시 마포구,2026.09.22.,1,0,0,0,0,1,0,0,0,0,0,0,0,0,0,0,0,0
서울특별시 서대문구,2026.09.02.,1,0,0,0,0,2,0,0,0,0,0,0,0,0,0,0,0,0
서울특별시 서대문구,2026.09.03.,2,0,0,0,0,1.5,0,0,0,0,0,0,0,0,0,0,0,0
서울특별시 서대문구,2026.09.04.,1,0,0,0,0,1,0,0,0,0,0,0,0,0,0,0,0,0
서울특별시 서대문구,2026.09.07.,6,1,16.67,1286,1286,2.7,0,0,0,0,0,0,0,0,0,0,0,0
서울특별시 서대문구,2026.09.08.,3,0,0,0,0,2,0,0,0,0,0,0,0,0,0,0,0,0
서울특별시 서대문구,2026.09.09.,2,1,50,1258,1258,2.5,0,0,0,0,0,0,0,0,0,0,0,0
서울특별시 서대문구,2026.09.10.,1,0,0,0,0,2,0,0,0,0,0,0,0,0,0,0,0,0
서울특별시 서대문구,2026.09.11.,1,0,0,0,0,2,0,0,0,0,0,0,0,0,0,0,0,0
서울특별시 서대문구,2026.09.14.,1,0,0,0,0,3,0,0,0,0,0,0,0,0,0,0,0,0
서울특별시 서대문구,2026.09.15.,3,1,33.33,77,77,2,0,0,0,0,0,0,0,0,0,0,0,0
서울특별시 서대문구,2026.09.16.,4,0,0,0,0,2,0,0,0,0,0,0,0,0,0,0,0,0
서울특별시 서대문구,2026.09.17.,1,0,0,0,0,1,0,0,0,0,0,0,0,0,0,0,0,0
서울특별시 서대문구,2026.09.18.,1,0,0,0,0,3,0,0,0,0,0,0,0,0,0,0,0,0
서울특별시 서대문구,2026.09.20.,4,0,0,0,0,1.8,0,0,0,0,0,0,0,0,0,0,0,0
서울특별시 서대문구,2026.09.21.,2,0,0,0,0,8,0,0,0,0,0,0,0,0,0,0,0,0
서울특별시 서대문구,2026.09.22.,1,0,0,0,0,2,0,0,0,0,0,0,0,0,0,0,0,0
서울특별시 서대문구,2026.09.24.,1,0,0,0,0,1,0,0,0,0,0,0,0,0,0,0,0,0
서울특별시 서초구,2026.09.01.,1,0,0,0,0,1,0,0,0,0,0,0,0,0,0,0,0,0
서울특별시 서초구,2026.09.02.,3,0,0,0,0,2,0,0,0,0,0,0,0,0,0,0,0,0
서울특별시 서초구,2026.09.03.,1,0,0,0,0,1,0,0,0,0,0,0,0,0,0,0,0,0
서울특별시 서초구,2026.09.04.,2,0,0,0,0,2,0,0,0,0,0,0,0,0,0,0,0,0
서울특별시 서초구,2026.09.05.,1,0,0,0,0,3,0,0,0,0,0,0,0,0,0,0,0,0
서울특별시 서초구,2026.09.06.,1,0,0,0,0,4,0,0,0,0,0,0,0,0,0,0,0,0
서울특별시 서초구,2026.09.07.,3,0,0,0,0,5,0,0,0,0,0,0,0,0,0,0,0,0
서울특별시 서초구,2026.09.08.,2,1,50,515,515,3,0,0,0,0,0,0,0,0,0,0,0,0
서울특별시 서초구,2026.09.09.,3,0,0,0,0,2,0,0,0,0,0,0,0,0,0,0,0,0
서울특별시 서초구,2026.09.10.,7,1,14.29,1666,1666,1.6,0,0,0,0,0,0,0,0,0,0,0,0
서울특별시 서초구,2026.09.11.,2,0,0,0,0,1,0,0,0,0,0,0,0,0,0,0,0,0
서울특별시 서초구,2026.09.12.,1,0,0,0,0,2,0,0,0,0,0,0,0,0,0,0,0,0
서울특별시 서초구,2026.09.15.,3,0,0,0,0,1,0,0,0,0,0,0,0,0,0,0,0,0
서울특별시 서초구,2026.09.16.,3,0,0,0,0,3.7,0,0,0,0,0,0,0,0,0,0,0,0
서울특별시 서초구,2026.09.17.,3,2,66.67,909,1818,3.3,0,0,0,0,0,0,0,0,0,0,0,0
서울특별시 서초구,2026.09.18.,5,1,20,1758,1758,2.4,0,0,0,0,0,0,0,0,0,0,0,0
서울특별시 서초구,2026.09.19.,2,0,0,0,0,1.5,0,0,0,0,0,0,0,0,0,0,0,0
서울특별시 서초구,2026.09.21.,6,0,0,0,0,2.7,0,0,0,0,0,0,0,0,0,0,0,0
서울특별시 서초구,2026.09.22.,5,0,0,0,0,2.4,0,0,0,0,0,0,0,0,0,0,0,0
서울특별시 서초구,2026.09.23.,1,0,0,0,0,2,0,0,0,0,0,0,0,0,0,0,0,0
서울특별시 성동구,2026.09.01.,2,0,0,0,0,3,0,0,0,0,0,0,0,0,0,0,0,0
서울특별시 성동구,2026.09.02.,7,0,0,0,0,4.4,0,0,0,0,0,0,0,0,0,0,0,0
서울특별시 성동구,2026.09.03.,4,2,50,980,1959,2,0,0,0,0,0,0,0,0,0,0,0,0
서울특별시 성동구,2026.09.04.,1,0,0,0,0,4,0,0,0,0,0,0,0,0,0,0,0,0
서울특별시 성동구,2026.09.05.,1,0,0,0,0,4,0,0,0,0,0,0,0,0,0,0,0,0
서울특별시 성동구,2026.09.06.,2,0,0,0,0,2.5,0,0,0,0,0,0,0,0,0,0,0,0
서울특별시 성동구,2026.09.07.,9,2,22.22,473,946,1.8,0,0,0,0,0,0,0,0,0,0,0,0
서울특별시 성동구,2026.09.08.,2,0,0,0,0,3,0,0,0,0,0,0,0,0,0,0,0,0
서울특별시 성동구,2026.09.09.,9,0,0,0,0,2.4,0,0,0,0,0,0,0,0,0,0,0,0
서울특별시 성동구,2026.09.10.,8,1,12.5,1477,1477,1.9,0,0,0,0,0,0,0,0,0,0,0,0
서울특별시 성동구,2026.09.12.,1,0,0,0,0,1,0,0,0,0,0,0,0,0,0,0,0,0
서울특별시 성동구,2026.09.13.,3,0,0,0,0,1.7,0,0,0,0,0,0,0,0,0,0,0,0
서울특별시 성동구,2026.09.16.,6,0,0,0,0,2.2,0,0,0,0,0,0,0,0,0,0,0,0
서울특별시 성동구,2026.09.17.,1,0,0,0,0,2,0,0,0,0,0,0,0,0,0,0,0,0
서울특별시 성동구,2026.09.18.,1,0,0,0,0,1,0,0,0,0,0,0,0,0,0,0,0,0
서울특별시 성동구,2026.09.19.,1,0,0,0,0,2,0,0,0,0,0,0,0,0,0,0,0,0
서울특별시 성동구,2026.09.20.,8,0,0,0,0,3.9,0,0,0,0,0,0,0,0,0,0,0,0
서울특별시 성동구,2026.09.21.,1,0,0,0,0,2,0,0,0,0,0,0,0,0,0,0,0,0
서울특별시 성동구,2026.09.22.,1,1,100,1493,1493,1,0,0,0,0,0,0,0,0,0,0,0,0
서울특별시 성동구,2026.09.23.,2,0,0,0,0,2,0,0,0,0,0,0,0,0,0,0,0,0
서울특별시 성북구,2026.09.01.,3,0,0,0,0,1.3,0,0,0,0,0,0,0,0,0,0,0,0
서울특별시 성북구,2026.09.02.,13,1,7.69,1148,1148,3.1,0,0,0,0,0,0,0,0,0,0,0,0
서울특별시 성북구,2026.09.03.,5,0,0,0,0,5,0,0,0,0,0,0,0,0,0,0,0,0
서울특별시 성북구,2026.09.04.,16,0,0,0,0,3.6,0,0,0,0,0,0,0,0,0,0,0,0
서울특별시 성북구,2026.09.05.,12,0,0,0,0,2.8,0,0,0,0,0,0,0,0,0,0,0,0
서울특별시 성북구,2026.09.06.,10,0,0,0,0,2.9,0,0,0,0,0,0,0,0,0,0,0,0
서울특별시 성북구,2026.09.07.,10,0,0,0,0,3,0,0,0,0,0,0,0,0,0,0,0,0
서울특별시 성북구,2026.09.08.,3,0,0,0,0,4,0,0,0,0,0,0,0,0,0,0,0,0
서울특별시 성북구,2026.09.09.,3,0,0,0,0,6,0,0,0,0,0,0,0,0,0,0,0,0
서울특별시 성북구,2026.09.10.,4,0,0,0,0,3,0,0,0,0,0,0,0,0,0,0,0,0
서울특별시 성북구,2026.09.11.,5,1,20,1519,1519,3,0,0,0,0,0,0,0,0,0,0,0,0
서울특별시 성북구,2026.09.12.,5,1,20,1500,1500,1.8,0,0,0,0,0,0,0,0,0,0,0,0
서울특별시 성북구,2026.09.13.,4,0,0,0,0,2,0,0,0,0,0,0,0,0,0,0,0,0
서울특별시 성북구,2026.09.14.,4,0,0,0,0,2,0,0,0,0,0,0,0,0,0,0,0,0
서울특별시 성북구,2026.09.15.,3,0,0,0,0,3,0,0,0,0,0,0,0,0,0,0,0,0
서울특별시 성북구,2026.09.16.,2,0,0,0,0,1,0,0,0,0,0,0,0,0,0,0,0,0
서울특별시 성북구,2026.09.17.,10,1,10,1031,1031,2.5,0,0,0,0,0,0,0,0,0,0,0,0
서울특별시 성북구,2026.09.18.,1,0,0,0,0,2,0,0,0,0,0,0,0,0,0,0,0,0
서울특별시 성북구,2026.09.19.,8,0,0,0,0,1.8,0,0,0,0,0,0,0,0,0,0,0,0
서울특별시 성북구,2026.09.20.,19,1,5.26,1575,1575,1.5,0,0,0,0,0,0,0,0,0,0,0,0
서울특별시 성북구,2026.09.21.,12,0,0,0,0,1.7,0,0,0,0,0,0,0,0,0,0,0,0
서울특별시 성북구,2026.09.22.,3,0,0,0,0,1.3,0,0,0,0,0,0,0,0,0,0,0,0
서울특별시 성북구,2026.09.23.,10,0,0,0,0,3.4,0,0,0,0,0,0,0,0,0,0,0,0
서울특별시 성북구,2026.09.24.,3,0,0,0,0,2.3,0,0,0,0,0,0,0,0,0,0,0,0
서울특별시 성북구,2026.09.25.,7,0,0,0,0,1,0,0,0,0,0,0,0,0,0,0,0,0
서울특별시 송파구,2026.09.01.,2,0,0,0,0,3,0,0,0,0,0,0,0,0,0,0,0,0
서울특별시 송파구,2026.09.02.,3,0,0,0,0,1.3,0,0,0,0,0,0,0,0,0,0,0,0
서울특별시 송파구,2026.09.03.,2,0,0,0,0,2,0,0,0,0,0,0,0,0,0,0,0,0
서울특별시 송파구,2026.09.04.,4,0,0,0,0,1.5,0,0,0,0,0,0,0,0,0,0,0,0
서울특별시 송파구,2026.09.06.,1,0,0,0,0,1,0,0,0,0,0,0,0,0,0,0,0,0
서울특별시 송파구,2026.09.07.,5,0,0,0,0,3.8,0,0,0,0,0,0,0,0,0,0,0,0
서울특별시 송파구,2026.09.08.,4,0,0,0,0,3.3,0,0,0,0,0,0,0,0,0,0,0,0
서울특별시 송파구,2026.09.09.,6,0,0,0,0,2.7,0,0,0,0,0,0,0,0,0,0,0,0
서울특별시 송파구,2026.09.11.,2,0,0,0,0,3.5,0,0,0,0,0,0,0,0,0,0,0,0
서울특별시 송파구,2026.09.12.,2,0,0,0,0,3,0,0,0,0,0,0,0,0,0,0,0,0
서울특별시 송파구,2026.09.13.,3,0,0,0,0,2.3,0,0,0,0,0,0,0,0,0,0,0,0
서울특별시 송파구,2026.09.14.,6,2,33.33,1488,2977,2,0,0,0,0,0,0,0,0,0,0,0,0
서울특별시 송파구,2026.09.15.,2,0,0,0,0,1,0,0,0,0,0,0,0,0,0,0,0,0
서울특별시 송파구,2026.09.16.,7,1,14.29,1403,1403,2.7,0,0,0,0,0,0,0,0,0,0,0,0
서울특별시 송파구,2026.09.17.,3,0,0,0,0,1,0,0,0,0,0,0,0,0,0,0,0,0
서울특별시 송파구,2026.09.18.,10,0,0,0,0,1.6,0,0,0,0,0,0,0,0,0,0,0,0
서울특별시 송파구,2026.09.19.,2,0,0,0,0,1.5,0,0,0,0,0,0,0,0,0,0,0,0
서울특별시 송파구,2026.09.20.,3,0,0,0,0,1,0,0,0,0,0,0,0,0,0,0,0,0
서울특별시 송파구,2026.09.21.,7,0,0,0,0,2,0,0,0,0,0,0,0,0,0,0,0,0
서울특별시 송파구,2026.09.22.,4,0,0,0,0,1,0,0,0,0,0,0,0,0,0,0,0,0
서울특별시 송파구,2026.09.23.,5,1,20,1571,1571,3,0,0,0,0,0,0,0,0,0,0,0,0
서울특별시 송파구,2026.09.25.,1,0,0,0,0,1,0,0,0,0,0,0,0,0,0,0,0,0
서울특별시 양천구,2026.09.03.,3,0,0,0,0,6.3,0,0,0,0,0,0,0,0,0,0,0,0
서울특별시 양천구,2026.09.14.,1,0,0,0,0,1,0,0,0,0,0,0,0,0,0,0,0,0
서울특별시 양천구,2026.09.18.,1,0,0,0,0,1,0,0,0,0,0,0,0,0,0,0,0,0
서울특별시 양천구,2026.09.19.,2,0,0,0,0,2,0,0,0,0,0,0,0,0,0,0,0,0
서울특별시 영등포구,2026.09.01.,8,0,0,0,0,2.3,0,0,0,0,0,0,0,0,0,0,0,0
서울특별시 영등포구,2026.09.02.,7,0,0,0,0,1.7,0,0,0,0,0,0,0,0,0,0,0,0
서울특별시 영등포구,2026.09.03.,1,0,0,0,0,2,0,0,0,0,0,0,0,0,0,0,0,0
서울특별시 영등포구,2026.09.05.,1,0,0,0,0,3,0,0,0,0,0,0,0,0,0,0,0,0
서울특별시 영등포구,2026.09.06.,1,0,0,0,0,4,0,0,0,0,0,0,0,0,0,0,0,0
서울특별시 영등포구,2026.09.07.,4,0,0,0,0,2.3,0,0,0,0,0,0,0,0,0,0,0,0
서울특별시 영등포구,2026.09.09.,2,0,0,0,0,1,0,0,0,0,0,0,0,0,0,0,0,0
서울특별시 영등포구,2026.09.10.,7,0,0,0,0,3.6,0,0,0,0,0,0,0,0,0,0,0,0
서울특별시 영등포구,2026.09.11.,1,0,0,0,0,3,0,0,0,0,0,0,0,0,0,0,0,0
서울특별시 영등포구,2026.09.15.,2,0,0,0,0,1.5,0,0,0,0,0,0,0,0,0,0,0,0
서울특별시 영등포구,2026.09.17.,3,0,0,0,0,2.7,0,0,0,0,0,0,0,0,0,0,0,0
서울특별시 영등포구,2026.09.18.,3,0,0,0,0,2,0,0,0,0,0,0,0,0,0,0,0,0
서울특별시 영등포구,2026.09.19.,13,0,0,0,0,1.5,0,0,0,0,0,0,0,0,0,0,0,0
서울특별시 영등포구,2026.09.20.,7,0,0,0,0,1.1,0,0,0,0,0,0,0,0,0,0,0,0
서울특별시 영등포구,2026.09.21.,19,1,5.26,373,373,1.6,0,0,0,0,0,0,0,0,0,0,0,0
서울특별시 영등포구,2026.09.22.,10,2,20,1267,2533,1.5,0,0,0,0,0,0,0,0,0,0,0,0
서울특별시 영등포구,2026.09.23.,9,0,0,0,0,1,0,0,0,0,0,0,0,0,0,0,0,0
서울특별시 영등포구,2026.09.24.,10,0,0,0,0,2.3,0,0,0,0,0,0,0,0,0,0,0,0
서울특별시 영등포구,2026.09.25.,9,0,0,0,0,1,0,0,0,0,0,0,0,0,0,0,0,0
서울특별시 용산구,2026.09.01.,1,0,0,0,0,3,0,0,0,0,0,0,0,0,0,0,0,0
서울특별시 용산구,2026.09.07.,2,1,50,1080,1080,1,0,0,0,0,0,0,0,0,0,0,0,0
서울특별시 용산구,2026.09.08.,2,0,0,0,0,2.5,0,0,0,0,0,0,0,0,0,0,0,0
서울특별시 용산구,2026.09.10.,1,0,0,0,0,1,0,0,0,0,0,0,0,0,0,0,0,0
서울특별시 용산구,2026.09.12.,1,0,0,0,0,3,0,0,0,0,0,0,0,0,0,0,0,0
서울특별시 용산구,2026.09.14.,2,0,0,0,0,3.5,0,0,0,0,0,0,0,0,0,0,0,0
서울특별시 용산구,2026.09.15.,9,1,11.11,777,777,2,0,0,0,0,0,0,0,0,0,0,0,0
서울특별시 용산구,2026.09.17.,1,0,0,0,0,1,0,0,0,0,0,0,0,0,0,0,0,0
서울특별시 용산구,2026.09.18.,1,0,0,0,0,1,0,0,0,0,0,0,0,0,0,0,0,0
서울특별시 용산구,2026.09.20.,1,0,0,0,0,2,0,0,0,0,0,0,0,0,0,0,0,0
서울특별시 용산구,2026.09.24.,10,0,0,0,0,1.7,0,0,0,0,0,0,0,0,0,0,0,0
서울특별시 은평구,2026.09.04.,1,0,0,0,0,3,0,0,0,0,0,0,0,0,0,0,0,0
서울특별시 은평구,2026.09.05.,1,0,0,0,0,1,0,0,0,0,0,0,0,0,0,0,0,0
서울특별시 은평구,2026.09.08.,1,0,0,0,0,1,0,0,0,0,0,0,0,0,0,0,0,0
서울특별시 은평구,2026.09.10.,1,0,0,0,0,1,0,0,0,0,0,0,0,0,0,0,0,0
서울특별시 은평구,2026.09.23.,3,0,0,0,0,2,0,0,0,0,0,0,0,0,0,0,0,0
서울특별시 종로구,2026.09.01.,2,0,0,0,0,7,0,0,0,0,0,0,0,0,0,0,0,0
서울특별시 종로구,2026.09.02.,1,0,0,0,0,2,0,0,0,0,0,0,0,0,0,0,0,0
서울특별시 종로구,2026.09.03.,5,1,20,939,939,3.4,0,0,0,0,0,0,0,0,0,0,0,0
서울특별시 종로구,2026.09.04.,4,0,0,0,0,1.8,0,0,0,0,0,0,0,0,0,0,0,0
서울특별시 종로구,2026.09.06.,1,0,0,0,0,2,0,0,0,0,0,0,0,0,0,0,0,0
서울특별시 종로구,2026.09.07.,4,1,25,1390,1390,1.8,0,0,0,0,0,0,0,0,0,0,0,0
서울특별시 종로구,2026.09.08.,2,0,0,0,0,2,0,0,0,0,0,0,0,0,0,0,0,0
서울특별시 종로구,2026.09.09.,3,0,0,0,0,1.3,0,0,0,0,0,0,0,0,0,0,0,0
서울특별시 종로구,2026.09.10.,5,0,0,0,0,2.6,0,0,0,0,0,0,0,0,0,0,0,0
서울특별시 종로구,2026.09.12.,1,0,0,0,0,3,0,0,0,0,0,0,0,0,0,0,0,0
서울특별시 종로구,2026.09.13.,2,0,0,0,0,1.5,0,0,0,0,0,0,0,0,0,0,0,0
서울특별시 종로구,2026.09.14.,2,0,0,0,0,3,0,0,0,0,0,0,0,0,0,0,0,0
서울특별시 종로구,2026.09.15.,7,0,0,0,0,2.4,0,0,0,0,0,0,0,0,0,0,0,0
서울특별시 종로구,2026.09.16.,2,0,0,0,0,1.5,0,0,0,0,0,0,0,0,0,0,0,0
서울특별시 종로구,2026.09.17.,2,0,0,0,0,4.5,0,0,0,0,0,0,0,0,0,0,0,0
서울특별시 종로구,2026.09.18.,6,0,0,0,0,2.8,0,0,0,0,0,0,0,0,0,0,0,0
서울특별시 종로구,2026.09.19.,1,0,0,0,0,2,0,0,0,0,0,0,0,0,0,0,0,0
서울특별시 종로구,2026.09.20.,3,0,0,0,0,1.3,0,0,0,0,0,0,0,0,0,0,0,0
서울특별시 종로구,2026.09.21.,2,0,0,0,0,2,0,0,0,0,0,0,0,0,0,0,0,0
서울특별시 종로구,2026.09.23.,2,0,0,0,0,1.5,0,0,0,0,0,0,0,0,0,0,0,0
서울특별시 종로구,2026.09.24.,1,1,100,1573,1573,5,0,0,0,0,0,0,0,0,0,0,0,0
서울특별시 중구,2026.09.01.,11,1,9.09,145,145,2.9,0,0,0,0,0,0,0,0,0,0,0,0
서울특별시 중구,2026.09.02.,9,0,0,0,0,2.3,0,0,0,0,0,0,0,0,0,0,0,0
서울특별시 중구,2026.09.03.,4,0,0,0,0,3.8,0,0,0,0,0,0,0,0,0,0,0,0
서울특별시 중구,2026.09.04.,2,0,0,0,0,2.5,0,0,0,0,0,0,0,0,0,0,0,0
서울특별시 중구,2026.09.05.,2,0,0,0,0,1,0,0,0,0,0,0,0,0,0,0,0,0
서울특별시 중구,2026.09.06.,1,0,0,0,0,2,0,0,0,0,0,0,0,0,0,0,0,0
서울특별시 중구,2026.09.07.,9,2,22.22,765,1531,2,0,0,0,0,0,0,0,0,0,0,0,0
서울특별시 중구,2026.09.08.,1,0,0,0,0,2,0,0,0,0,0,0,0,0,0,0,0,0
서울특별시 중구,2026.09.09.,16,0,0,0,0,1.6,0,0,0,0,0,0,0,0,0,0,0,0
서울특별시 중구,2026.09.10.,17,0,0,0,0,2.4,0,0,0,0,0,0,0,0,0,0,0,0
서울특별시 중구,2026.09.11.,5,0,0,0,0,2,0,0,0,0,0,0,0,0,0,0,0,0
서울특별시 중구,2026.09.12.,1,0,0,0,0,1,0,0,0,0,0,0,0,0,0,0,0,0
서울특별시 중구,2026.09.13.,1,0,0,0,0,1,0,0,0,0,0,0,0,0,0,0,0,0
서울특별시 중구,2026.09.15.,7,1,14.29,462,462,1.9,0,0,0,0,0,0,0,0,0,0,0,0
서울특별시 중구,2026.09.16.,8,0,0,0,0,1.6,0,0,0,0,0,0,0,0,0,0,0,0
서울특별시 중구,2026.09.17.,2,0,0,0,0,2,0,0,0,0,0,0,0,0,0,0,0,0
서울특별시 중구,2026.09.20.,1,0,0,0,0,1,0,0,0,0,0,0,0,0,0,0,0,0
서울특별시 중구,2026.09.21.,1,0,0,0,0,3,0,0,0,0,0,0,0,0,0,0,0,0
서울특별시 중구,2026.09.22.,4,0,0,0,0,1,0,0,0,0,0,0,0,0,0,0,0,0
서울특별시 중구,2026.09.23.,2,0,0,0,0,1,0,0,0,0,0,0,0,0,0,0,0,0
서울특별시 중랑구,2026.09.01.,2,0,0,0,0,2.5,0,0,0,0,0,0,0,0,0,0,0,0
서울특별시 중랑구,2026.09.02.,4,0,0,0,0,2.5,0,0,0,0,0,0,0,0,0,0,0,0
서울특별시 중랑구,2026.09.03.,7,0,0,0,0,2.4,0,0,0,0,0,0,0,0,0,0,0,0
서울특별시 중랑구,2026.09.04.,7,2,28.57,1203,2405,2.6,0,0,0,0,0,0,0,0,0,0,0,0
서울특별시 중랑구,2026.09.05.,3,0,0,0,0,1,0,0,0,0,0,0,0,0,0,0,0,0
서울특별시 중랑구,2026.09.06.,1,0,0,0,0,3,0,0,0,0,0,0,0,0,0,0,0,0
서울특별시 중랑구,2026.09.07.,3,0,0,0,0,1.7,0,0,0,0,0,0,0,0,0,0,0,0
서울특별시 중랑구,2026.09.08.,3,0,0,0,0,2,0,0,0,0,0,0,0,0,0,0,0,0
서울특별시 중랑구,2026.09.09.,4,0,0,0,0,2.3,0,0,0,0,0,0,0,0,0,0,0,0
서울특별시 중랑구,2026.09.10.,5,0,0,0,0,3,0,0,0,0,0,0,0,0,0,0,0,0
서울특별시 중랑구,2026.09.11.,1,0,0,0,0,2,0,0,0,0,0,0,0,0,0,0,0,0
서울특별시 중랑구,2026.09.12.,2,0,0,0,0,4,0,0,0,0,0,0,0,0,0,0,0,0
서울특별시 중랑구,2026.09.13.,4,0,0,0,0,3.8,0,0,0,0,0,0,0,0,0,0,0,0
서울특별시 중랑구,2026.09.14.,5,0,0,0,0,2.4,0,0,0,0,0,0,0,0,0,0,0,0
서울특별시 중랑구,2026.09.15.,4,0,0,0,0,2.3,0,0,0,0,0,0,0,0,0,0,0,0
서울특별시 중랑구,2026.09.16.,4,1,25,288,288,2.3,0,0,0,0,0,0,0,0,0,0,0,0
서울특별시 중랑구,2026.09.17.,3,1,33.33,1600,1600,2.3,0,0,0,0,0,0,0,0,0,0,0,0
서울특별시 중랑구,2026.09.18.,1,0,0,0,0,6,0,0,0,0,0,0,0,0,0,0,0,0
서울특별시 중랑구,2026.09.19.,3,1,33.33,1502,1502,2.7,0,0,0,0,0,0,0,0,0,0,0,0
서울특별시 중랑구,2026.09.20.,1,0,0,0,0,1,0,0,0,0,0,0,0,0,0,0,0,0
서울특별시 중랑구,2026.09.21.,6,0,0,0,0,3,0,0,0,0,0,0,0,0,0,0,0,0
서울특별시 중랑구,2026.09.22.,7,0,0,0,0,1,0,0,0,0,0,0,0,0,0,0,0,0
서울특별시 중랑구,2026.09.23.,1,0,0,0,0,6,0,0,0,0,0,0,0,0,0,0,0,0
서울특별시 중랑구,2026.09.24.,5,1,20,1673,1673,2,0,0,0,0,0,0,0,0,0,0,0,0
서울특별시 중랑구,2026.09.25.,4,0,0,0,0,1.3,0,0,0,0,0,0,0,0,0,0,0,0
세종특별자치시,2026.09.01.,2,0,0,0,0,2,0,0,0,0,0,0,0,0,0,0,0,0
세종특별자치시,2026.09.02.,3,0,0,0,0,1.7,0,0,0,0,0,0,0,0,0,0,0,0
세종특별자치시,2026.09.04.,1,0,0,0,0,1,0,0,0,0,0,0,0,0,0,0,0,0
세종특별자치시,2026.09.12.,1,0,0,0,0,1,0,0,0,0,0,0,0,0,0,0,0,0
세종특별자치시,2026.09.16.,3,0,0,0,0,4.7,0,0,0,0,0,0,0,0,0,0,0,0
세종특별자치시,2026.09.18.,2,1,50,1646,1646,1,0,0,0,0,0,0,0,0,0,0,0,0
세종특별자치시,2026.09.19.,3,0,0,0,0,2.3,0,0,0,0,0,0,0,0,0,0,0,0
울산광역시 남구,2026.09.01.,3,0,0,0,0,5.3,0,0,0,0,0,0,0,0,0,0,0,0
울산광역시 동구,2026.09.01.,1,0,0,0,0,5,0,0,0,0,0,0,0,0,0,0,0,0
인천광역시 검단구,2026.09.01.,2,0,0,0,0,2.5,0,0,0,0,0,0,0,0,0,0,0,0
인천광역시 검단구,2026.09.02.,1,0,0,0,0,1,0,0,0,0,0,0,0,0,0,0,0,0
인천광역시 검단구,2026.09.03.,1,0,0,0,0,2,0,0,0,0,0,0,0,0,0,0,0,0
인천광역시 검단구,2026.09.05.,2,0,0,0,0,3,0,0,0,0,0,0,0,0,0,0,0,0
인천광역시 검단구,2026.09.06.,3,0,0,0,0,2.3,0,0,0,0,0,0,0,0,0,0,0,0
인천광역시 검단구,2026.09.07.,1,0,0,0,0,3,0,0,0,0,0,0,0,0,0,0,0,0
인천광역시 검단구,2026.09.17.,4,1,25,1723,1723,1.5,0,0,0,0,0,0,0,0,0,0,0,0
인천광역시 검단구,2026.09.21.,2,0,0,0,0,4,0,0,0,0,0,0,0,0,0,0,0,0
인천광역시 계양구,2026.09.01.,1,0,0,0,0,3,0,0,0,0,0,0,0,0,0,0,0,0
인천광역시 계양구,2026.09.02.,1,0,0,0,0,1,0,0,0,0,0,0,0,0,0,0,0,0
인천광역시 계양구,2026.09.07.,1,0,0,0,0,4,0,0,0,0,0,0,0,0,0,0,0,0
인천광역시 남동구,2026.09.02.,1,0,0,0,0,2,0,0,0,0,0,0,0,0,0,0,0,0
인천광역시 남동구,2026.09.06.,1,0,0,0,0,1,0,0,0,0,0,0,0,0,0,0,0,0
인천광역시 남동구,2026.09.18.,1,0,0,0,0,1,0,0,0,0,0,0,0,0,0,0,0,0
인천광역시 남동구,2026.09.21.,1,0,0,0,0,1,0,0,0,0,0,0,0,0,0,0,0,0
인천광역시 미추홀구 ,2026.09.01.,1,0,0,0,0,3,0,0,0,0,0,0,0,0,0,0,0,0
인천광역시 미추홀구 ,2026.09.05.,1,0,0,0,0,1,0,0,0,0,0,0,0,0,0,0,0,0
인천광역시 미추홀구 ,2026.09.15.,2,0,0,0,0,1,0,0,0,0,0,0,0,0,0,0,0,0
인천광역시 미추홀구 ,2026.09.18.,1,0,0,0,0,1,0,0,0,0,0,0,0,0,0,0,0,0
인천광역시 부평구,2026.09.04.,3,0,0,0,0,1.7,0,0,0,0,0,0,0,0,0,0,0,0
인천광역시 부평구,2026.09.07.,4,0,0,0,0,8,0,0,0,0,0,0,0,0,0,0,0,0
인천광역시 부평구,2026.09.08.,2,0,0,0,0,2.5,0,0,0,0,0,0,0,0,0,0,0,0
인천광역시 부평구,2026.09.23.,1,0,0,0,0,2,0,0,0,0,0,0,0,0,0,0,0,0
인천광역시 서해구,2026.09.01.,3,0,0,0,0,3,0,0,0,0,0,0,0,0,0,0,0,0
인천광역시 서해구,2026.09.05.,1,0,0,0,0,1,0,0,0,0,0,0,0,0,0,0,0,0
인천광역시 서해구,2026.09.06.,2,0,0,0,0,2,0,0,0,0,0,0,0,0,0,0,0,0
인천광역시 서해구,2026.09.18.,1,1,100,1572,1572,4,0,0,0,0,0,0,0,0,0,0,0,0
인천광역시 서해구,2026.09.19.,1,0,0,0,0,3,0,0,0,0,0,0,0,0,0,0,0,0
인천광역시 서해구,2026.09.21.,1,0,0,0,0,4,0,0,0,0,0,0,0,0,0,0,0,0
인천광역시 연수구,2026.09.01.,1,0,0,0,0,1,0,0,0,0,0,0,0,0,0,0,0,0
인천광역시 연수구,2026.09.13.,1,0,0,0,0,4,0,0,0,0,0,0,0,0,0,0,0,0
인천광역시 연수구,2026.09.17.,2,0,0,0,0,1.5,0,0,0,0,0,0,0,0,0,0,0,0
인천광역시 영종구,2026.09.05.,1,0,0,0,0,2,0,0,0,0,0,0,0,0,0,0,0,0
인천광역시 영종구,2026.09.19.,1,0,0,0,0,1,0,0,0,0,0,0,0,0,0,0,0,0
인천광역시 영종구,2026.09.24.,7,1,14.29,1667,1667,2.4,0,0,0,0,0,0,0,0,0,0,0,0
인천광역시 제물포구,2026.09.09.,6,0,0,0,0,2,0,0,0,0,0,0,0,0,0,0,0,0
전남광주통합특별시 고흥군,2026.09.20.,1,0,0,0,0,1,0,0,0,0,0,0,0,0,0,0,0,0
전남광주통합특별시 광산구,2026.09.01.,1,0,0,0,0,3,0,0,0,0,0,0,0,0,0,0,0,0
전남광주통합특별시 광산구,2026.09.07.,1,0,0,0,0,5,0,0,0,0,0,0,0,0,0,0,0,0
전남광주통합특별시 동구,2026.09.01.,1,0,0,0,0,5,0,0,0,0,0,0,0,0,0,0,0,0
전남광주통합특별시 북구,2026.09.01.,1,0,0,0,0,3,0,0,0,0,0,0,0,0,0,0,0,0
전남광주통합특별시 북구,2026.09.18.,1,0,0,0,0,4,0,0,0,0,0,0,0,0,0,0,0,0
전남광주통합특별시 북구,2026.09.21.,2,1,50,462,462,1,0,0,0,0,0,0,0,0,0,0,0,0
전남광주통합특별시 북구,2026.09.22.,8,1,12.5,462,462,1.5,0,0,0,0,0,0,0,0,0,0,0,0
전남광주통합특별시 서구,2026.09.01.,1,0,0,0,0,2,0,0,0,0,0,0,0,0,0,0,0,0
전남광주통합특별시 서구,2026.09.07.,1,0,0,0,0,6,0,0,0,0,0,0,0,0,0,0,0,0
전남광주통합특별시 서구,2026.09.14.,2,0,0,0,0,2.5,0,0,0,0,0,0,0,0,0,0,0,0
전남광주통합특별시 여수시,2026.09.22.,1,0,0,0,0,5,0,0,0,0,0,0,0,0,0,0,0,0
전북특별자치도 고창군,2026.09.09.,1,0,0,0,0,2,0,0,0,0,0,0,0,0,0,0,0,0
전북특별자치도 군산시,2026.09.16.,2,0,0,0,0,3,0,0,0,0,0,0,0,0,0,0,0,0
전북특별자치도 부안군,2026.09.04.,1,0,0,0,0,1,0,0,0,0,0,0,0,0,0,0,0,0
전북특별자치도 부안군,2026.09.12.,3,0,0,0,0,3,0,0,0,0,0,0,0,0,0,0,0,0
전북특별자치도 익산시,2026.09.01.,3,0,0,0,0,2.7,0,0,0,0,0,0,0,0,0,0,0,0
전북특별자치도 익산시,2026.09.19.,1,0,0,0,0,3,0,0,0,0,0,0,0,0,0,0,0,0
전북특별자치도 전주시 덕진구,2026.09.01.,1,0,0,0,0,6,0,0,0,0,0,0,0,0,0,0,0,0
전북특별자치도 전주시 덕진구,2026.09.16.,1,0,0,0,0,3,0,0,0,0,0,0,0,0,0,0,0,0
전북특별자치도 전주시 덕진구,2026.09.18.,1,0,0,0,0,1,0,0,0,0,0,0,0,0,0,0,0,0
전북특별자치도 전주시 완산구,2026.09.01.,1,0,0,0,0,2,0,0,0,0,0,0,0,0,0,0,0,0
전북특별자치도 전주시 완산구,2026.09.02.,1,0,0,0,0,2,0,0,0,0,0,0,0,0,0,0,0,0
전북특별자치도 전주시 완산구,2026.09.04.,1,0,0,0,0,2,0,0,0,0,0,0,0,0,0,0,0,0
전북특별자치도 전주시 완산구,2026.09.24.,1,0,0,0,0,1,0,0,0,0,0,0,0,0,0,0,0,0
전북특별자치도 정읍시,2026.09.19.,1,0,0,0,0,3,0,0,0,0,0,0,0,0,0,0,0,0
제주특별자치도 서귀포시,2026.09.04.,1,0,0,0,0,4,0,0,0,0,0,0,0,0,0,0,0,0
제주특별자치도 서귀포시,2026.09.20.,2,0,0,0,0,2.5,0,0,0,0,0,0,0,0,0,0,0,0
제주특별자치도 서귀포시,2026.09.23.,2,0,0,0,0,1.5,0,0,0,0,0,0,0,0,0,0,0,0
제주특별자치도 제주시,2026.09.03.,1,0,0,0,0,1,0,0,0,0,0,0,0,0,0,0,0,0
제주특별자치도 제주시,2026.09.10.,2,0,0,0,0,5,0,0,0,0,0,0,0,0,0,0,0,0
제주특별자치도 제주시,2026.09.11.,1,0,0,0,0,3,0,0,0,0,0,0,0,0,0,0,0,0
제주특별자치도 제주시,2026.09.14.,1,0,0,0,0,1,0,0,0,0,0,0,0,0,0,0,0,0
제주특별자치도 제주시,2026.09.25.,1,0,0,0,0,2,0,0,0,0,0,0,0,0,0,0,0,0
충청남도 공주시,2026.09.05.,1,0,0,0,0,1,0,0,0,0,0,0,0,0,0,0,0,0
충청남도 논산시,2026.09.04.,2,0,0,0,0,1,0,0,0,0,0,0,0,0,0,0,0,0
충청남도 당진시,2026.09.23.,1,0,0,0,0,1,0,0,0,0,0,0,0,0,0,0,0,0
충청남도 부여군,2026.09.21.,1,0,0,0,0,4,0,0,0,0,0,0,0,0,0,0,0,0
충청남도 부여군,2026.09.22.,2,0,0,0,0,5,0,0,0,0,0,0,0,0,0,0,0,0
충청남도 서산시,2026.09.03.,1,0,0,0,0,2,0,0,0,0,0,0,0,0,0,0,0,0
충청남도 서산시,2026.09.14.,1,0,0,0,0,3,0,0,0,0,0,0,0,0,0,0,0,0
충청남도 서산시,2026.09.21.,1,0,0,0,0,2,0,0,0,0,0,0,0,0,0,0,0,0
충청남도 서천군,2026.09.25.,2,0,0,0,0,1,0,0,0,0,0,0,0,0,0,0,0,0
충청남도 아산시,2026.09.04.,1,0,0,0,0,3,0,0,0,0,0,0,0,0,0,0,0,0
충청남도 천안시 동남구,2026.09.13.,1,0,0,0,0,1,0,0,0,0,0,0,0,0,0,0,0,0
충청남도 천안시 동남구,2026.09.16.,1,0,0,0,0,2,0,0,0,0,0,0,0,0,0,0,0,0
충청남도 천안시 동남구,2026.09.24.,3,0,0,0,0,1.3,0,0,0,0,0,0,0,0,0,0,0,0
충청남도 천안시 서북구,2026.09.11.,1,0,0,0,0,1,0,0,0,0,0,0,0,0,0,0,0,0
충청남도 천안시 서북구,2026.09.18.,1,0,0,0,0,1,0,0,0,0,0,0,0,0,0,0,0,0
충청남도 태안군,2026.09.01.,1,0,0,0,0,1,0,0,0,0,0,0,0,0,0,0,0,0
충청남도 태안군,2026.09.02.,1,0,0,0,0,1,0,0,0,0,0,0,0,0,0,0,0,0
충청남도 홍성군,2026.09.16.,1,0,0,0,0,3,0,0,0,0,0,0,0,0,0,0,0,0
충청북도 음성군,2026.09.20.,1,0,0,0,0,1,0,0,0,0,0,0,0,0,0,0,0,0
충청북도 제천시,2026.09.01.,1,0,0,0,0,3,0,0,0,0,0,0,0,0,0,0,0,0
충청북도 청주시 청원구,2026.09.02.,1,0,0,0,0,2,0,0,0,0,0,0,0,0,0,0,0,0
충청북도 청주시 청원구,2026.09.06.,2,0,0,0,0,1,0,0,0,0,0,0,0,0,0,0,0,0
